filepath,relative_path,device_type,damage_status,top_level_folder,has_damage_label,has_device_type_label,device_type_label_source,is_defect_folder,is_standard_device_image,is_defect_challenge,is_augmented,source_relative_path
C:\Users\k-12outreach\summercamp_josephyup\summer-workshop-josephyup\Augmented_Device_Images\device 2\1.png,device 2/1.png,device 2,Not-Damaged,device 2,True,True,folder-or-metadata,False,True,False,False,device 2/1.png
C:\Users\k-12outreach\summercamp_josephyup\summer-workshop-josephyup\Augmented_Device_Images\device 2\1_1.png,device 2/1_1.png,device 2,Not-Damaged,device 2,True,True,folder-or-metadata,False,True,False,False,device 2/1_1.png
C:\Users\k-12outreach\summercamp_josephyup\summer-workshop-josephyup\Augmented_Device_Images\device 2\2.png,device 2/2.png,device 2,Not-Damaged,device 2,True,True,folder-or-metadata,False,True,False,False,device 2/2.png
C:\Users\k-12outreach\summercamp_josephyup\summer-workshop-josephyup\Augmented_Device_Images\device 2\2_1.png,device 2/2_1.png,device 2,Not-Damaged,device 2,True,True,folder-or-metadata,False,True,False,False,device 2/2_1.png
C:\Users\k-12outreach\summercamp_josephyup\summer-workshop-josephyup\Augmented_Device_Images\device 2\3.png,device 2/3.png,device 2,Not-Damaged,device 2,True,True,folder-or-metadata,False,True,False,False,device 2/3.png
C:\Users\k-12outreach\summercamp_josephyup\summer-workshop-josephyup\Augmented_Device_Images\device 2\3_1.png,device 2/3_1.png,device 2,Not-Damaged,device 2,True,True,folder-or-metadata,False,True,False,False,device 2/3_1.png
C:\Users\k-12outreach\summercamp_josephyup\summer-workshop-josephyup\Augmented_Device_Images\device1\1.png,device1/1.png,device1,Not-Damaged,device1,True,True,folder-or-metadata,False,True,False,False,device1/1.png
C:\Users\k-12outreach\summercamp_josephyup\summer-workshop-josephyup\Augmented_Device_Images\device1\2.png,device1/2.png,device1,Not-Damaged,device1,True,True,folder-or-metadata,False,True,False,False,device1/2.png
C:\Users\k-12outreach\summercamp_josephyup\summer-workshop-josephyup\Augmented_Device_Images\device 2\1_aug_001.jpg,device 2/1_aug_001.jpg,device 2,Not-Damaged,device 2,True,,,False,True,False,True,device 2/1.png
C:\Users\k-12outreach\summercamp_josephyup\summer-workshop-josephyup\Augmented_Device_Images\device 2\1_1_aug_002.jpg,device 2/1_1_aug_002.jpg,device 2,Not-Damaged,device 2,True,,,False,True,False,True,device 2/1_1.png
C:\Users\k-12outreach\summercamp_josephyup\summer-workshop-josephyup\Augmented_Device_Images\device 2\2_aug_003.jpg,device 2/2_aug_003.jpg,device 2,Not-Damaged,device 2,True,,,False,True,False,True,device 2/2.png
C:\Users\k-12outreach\summercamp_josephyup\summer-workshop-josephyup\Augmented_Device_Images\device 2\2_1_aug_004.jpg,device 2/2_1_aug_004.jpg,device 2,Not-Damaged,device 2,True,,,False,True,False,True,device 2/2_1.png
C:\Users\k-12outreach\summercamp_josephyup\summer-workshop-josephyup\Augmented_Device_Images\device 2\3_aug_005.jpg,device 2/3_aug_005.jpg,device 2,Not-Damaged,device 2,True,,,False,True,False,True,device 2/3.png
C:\Users\k-12outreach\summercamp_josephyup\summer-workshop-josephyup\Augmented_Device_Images\device 2\3_1_aug_006.jpg,device 2/3_1_aug_006.jpg,device 2,Not-Damaged,device 2,True,,,False,True,False,True,device 2/3_1.png
C:\Users\k-12outreach\summercamp_josephyup\summer-workshop-josephyup\Augmented_Device_Images\device 2\1_aug_007.jpg,device 2/1_aug_007.jpg,device 2,Not-Damaged,device 2,True,,,False,True,False,True,device 2/1.png
C:\Users\k-12outreach\summercamp_josephyup\summer-workshop-josephyup\Augmented_Device_Images\device 2\1_1_aug_008.jpg,device 2/1_1_aug_008.jpg,device 2,Not-Damaged,device 2,True,,,False,True,False,True,device 2/1_1.png
C:\Users\k-12outreach\summercamp_josephyup\summer-workshop-josephyup\Augmented_Device_Images\device 2\2_aug_009.jpg,device 2/2_aug_009.jpg,device 2,Not-Damaged,device 2,True,,,False,True,False,True,device 2/2.png
C:\Users\k-12outreach\summercamp_josephyup\summer-workshop-josephyup\Augmented_Device_Images\device 2\2_1_aug_010.jpg,device 2/2_1_aug_010.jpg,device 2,Not-Damaged,device 2,True,,,False,True,False,True,device 2/2_1.png
C:\Users\k-12outreach\summercamp_josephyup\summer-workshop-josephyup\Augmented_Device_Images\device 2\3_aug_011.jpg,device 2/3_aug_011.jpg,device 2,Not-Damaged,device 2,True,,,False,True,False,True,device 2/3.png
C:\Users\k-12outreach\summercamp_josephyup\summer-workshop-josephyup\Augmented_Device_Images\device 2\3_1_aug_012.jpg,device 2/3_1_aug_012.jpg,device 2,Not-Damaged,device 2,True,,,False,True,False,True,device 2/3_1.png
C:\Users\k-12outreach\summercamp_josephyup\summer-workshop-josephyup\Augmented_Device_Images\device 2\1_aug_013.jpg,device 2/1_aug_013.jpg,device 2,Not-Damaged,device 2,True,,,False,True,False,True,device 2/1.png
C:\Users\k-12outreach\summercamp_josephyup\summer-workshop-josephyup\Augmented_Device_Images\device 2\1_1_aug_014.jpg,device 2/1_1_aug_014.jpg,device 2,Not-Damaged,device 2,True,,,False,True,False,True,device 2/1_1.png
C:\Users\k-12outreach\summercamp_josephyup\summer-workshop-josephyup\Augmented_Device_Images\device 2\2_aug_015.jpg,device 2/2_aug_015.jpg,device 2,Not-Damaged,device 2,True,,,False,True,False,True,device 2/2.png
C:\Users\k-12outreach\summercamp_josephyup\summer-workshop-josephyup\Augmented_Device_Images\device 2\2_1_aug_016.jpg,device 2/2_1_aug_016.jpg,device 2,Not-Damaged,device 2,True,,,False,True,False,True,device 2/2_1.png
C:\Users\k-12outreach\summercamp_josephyup\summer-workshop-josephyup\Augmented_Device_Images\device 2\3_aug_017.jpg,device 2/3_aug_017.jpg,device 2,Not-Damaged,device 2,True,,,False,True,False,True,device 2/3.png
C:\Users\k-12outreach\summercamp_josephyup\summer-workshop-josephyup\Augmented_Device_Images\device 2\3_1_aug_018.jpg,device 2/3_1_aug_018.jpg,device 2,Not-Damaged,device 2,True,,,False,True,False,True,device 2/3_1.png
C:\Users\k-12outreach\summercamp_josephyup\summer-workshop-josephyup\Augmented_Device_Images\device 2\1_aug_019.jpg,device 2/1_aug_019.jpg,device 2,Not-Damaged,device 2,True,,,False,True,False,True,device 2/1.png
C:\Users\k-12outreach\summercamp_josephyup\summer-workshop-josephyup\Augmented_Device_Images\device 2\1_1_aug_020.jpg,device 2/1_1_aug_020.jpg,device 2,Not-Damaged,device 2,True,,,False,True,False,True,device 2/1_1.png
C:\Users\k-12outreach\summercamp_josephyup\summer-workshop-josephyup\Augmented_Device_Images\device 2\2_aug_021.jpg,device 2/2_aug_021.jpg,device 2,Not-Damaged,device 2,True,,,False,True,False,True,device 2/2.png
C:\Users\k-12outreach\summercamp_josephyup\summer-workshop-josephyup\Augmented_Device_Images\device 2\2_1_aug_022.jpg,device 2/2_1_aug_022.jpg,device 2,Not-Damaged,device 2,True,,,False,True,False,True,device 2/2_1.png
C:\Users\k-12outreach\summercamp_josephyup\summer-workshop-josephyup\Augmented_Device_Images\device 2\3_aug_023.jpg,device 2/3_aug_023.jpg,device 2,Not-Damaged,device 2,True,,,False,True,False,True,device 2/3.png
C:\Users\k-12outreach\summercamp_josephyup\summer-workshop-josephyup\Augmented_Device_Images\device 2\3_1_aug_024.jpg,device 2/3_1_aug_024.jpg,device 2,Not-Damaged,device 2,True,,,False,True,False,True,device 2/3_1.png
C:\Users\k-12outreach\summercamp_josephyup\summer-workshop-josephyup\Augmented_Device_Images\device 2\1_aug_025.jpg,device 2/1_aug_025.jpg,device 2,Not-Damaged,device 2,True,,,False,True,False,True,device 2/1.png
C:\Users\k-12outreach\summercamp_josephyup\summer-workshop-josephyup\Augmented_Device_Images\device 2\1_1_aug_026.jpg,device 2/1_1_aug_026.jpg,device 2,Not-Damaged,device 2,True,,,False,True,False,True,device 2/1_1.png
C:\Users\k-12outreach\summercamp_josephyup\summer-workshop-josephyup\Augmented_Device_Images\device 2\2_aug_027.jpg,device 2/2_aug_027.jpg,device 2,Not-Damaged,device 2,True,,,False,True,False,True,device 2/2.png
C:\Users\k-12outreach\summercamp_josephyup\summer-workshop-josephyup\Augmented_Device_Images\device 2\2_1_aug_028.jpg,device 2/2_1_aug_028.jpg,device 2,Not-Damaged,device 2,True,,,False,True,False,True,device 2/2_1.png
C:\Users\k-12outreach\summercamp_josephyup\summer-workshop-josephyup\Augmented_Device_Images\device 2\3_aug_029.jpg,device 2/3_aug_029.jpg,device 2,Not-Damaged,device 2,True,,,False,True,False,True,device 2/3.png
C:\Users\k-12outreach\summercamp_josephyup\summer-workshop-josephyup\Augmented_Device_Images\device 2\3_1_aug_030.jpg,device 2/3_1_aug_030.jpg,device 2,Not-Damaged,device 2,True,,,False,True,False,True,device 2/3_1.png
C:\Users\k-12outreach\summercamp_josephyup\summer-workshop-josephyup\Augmented_Device_Images\device 2\1_aug_031.jpg,device 2/1_aug_031.jpg,device 2,Not-Damaged,device 2,True,,,False,True,False,True,device 2/1.png
C:\Users\k-12outreach\summercamp_josephyup\summer-workshop-josephyup\Augmented_Device_Images\device 2\1_1_aug_032.jpg,device 2/1_1_aug_032.jpg,device 2,Not-Damaged,device 2,True,,,False,True,False,True,device 2/1_1.png
C:\Users\k-12outreach\summercamp_josephyup\summer-workshop-josephyup\Augmented_Device_Images\device 2\2_aug_033.jpg,device 2/2_aug_033.jpg,device 2,Not-Damaged,device 2,True,,,False,True,False,True,device 2/2.png
C:\Users\k-12outreach\summercamp_josephyup\summer-workshop-josephyup\Augmented_Device_Images\device 2\2_1_aug_034.jpg,device 2/2_1_aug_034.jpg,device 2,Not-Damaged,device 2,True,,,False,True,False,True,device 2/2_1.png
C:\Users\k-12outreach\summercamp_josephyup\summer-workshop-josephyup\Augmented_Device_Images\device 2\3_aug_035.jpg,device 2/3_aug_035.jpg,device 2,Not-Damaged,device 2,True,,,False,True,False,True,device 2/3.png
C:\Users\k-12outreach\summercamp_josephyup\summer-workshop-josephyup\Augmented_Device_Images\device 2\3_1_aug_036.jpg,device 2/3_1_aug_036.jpg,device 2,Not-Damaged,device 2,True,,,False,True,False,True,device 2/3_1.png
C:\Users\k-12outreach\summercamp_josephyup\summer-workshop-josephyup\Augmented_Device_Images\device 2\1_aug_037.jpg,device 2/1_aug_037.jpg,device 2,Not-Damaged,device 2,True,,,False,True,False,True,device 2/1.png
C:\Users\k-12outreach\summercamp_josephyup\summer-workshop-josephyup\Augmented_Device_Images\device 2\1_1_aug_038.jpg,device 2/1_1_aug_038.jpg,device 2,Not-Damaged,device 2,True,,,False,True,False,True,device 2/1_1.png
C:\Users\k-12outreach\summercamp_josephyup\summer-workshop-josephyup\Augmented_Device_Images\device 2\2_aug_039.jpg,device 2/2_aug_039.jpg,device 2,Not-Damaged,device 2,True,,,False,True,False,True,device 2/2.png
C:\Users\k-12outreach\summercamp_josephyup\summer-workshop-josephyup\Augmented_Device_Images\device 2\2_1_aug_040.jpg,device 2/2_1_aug_040.jpg,device 2,Not-Damaged,device 2,True,,,False,True,False,True,device 2/2_1.png
C:\Users\k-12outreach\summercamp_josephyup\summer-workshop-josephyup\Augmented_Device_Images\device 2\3_aug_041.jpg,device 2/3_aug_041.jpg,device 2,Not-Damaged,device 2,True,,,False,True,False,True,device 2/3.png
C:\Users\k-12outreach\summercamp_josephyup\summer-workshop-josephyup\Augmented_Device_Images\device 2\3_1_aug_042.jpg,device 2/3_1_aug_042.jpg,device 2,Not-Damaged,device 2,True,,,False,True,False,True,device 2/3_1.png
C:\Users\k-12outreach\summercamp_josephyup\summer-workshop-josephyup\Augmented_Device_Images\device 2\1_aug_043.jpg,device 2/1_aug_043.jpg,device 2,Not-Damaged,device 2,True,,,False,True,False,True,device 2/1.png
C:\Users\k-12outreach\summercamp_josephyup\summer-workshop-josephyup\Augmented_Device_Images\device 2\1_1_aug_044.jpg,device 2/1_1_aug_044.jpg,device 2,Not-Damaged,device 2,True,,,False,True,False,True,device 2/1_1.png
C:\Users\k-12outreach\summercamp_josephyup\summer-workshop-josephyup\Augmented_Device_Images\device 2\2_aug_045.jpg,device 2/2_aug_045.jpg,device 2,Not-Damaged,device 2,True,,,False,True,False,True,device 2/2.png
C:\Users\k-12outreach\summercamp_josephyup\summer-workshop-josephyup\Augmented_Device_Images\device 2\2_1_aug_046.jpg,device 2/2_1_aug_046.jpg,device 2,Not-Damaged,device 2,True,,,False,True,False,True,device 2/2_1.png
C:\Users\k-12outreach\summercamp_josephyup\summer-workshop-josephyup\Augmented_Device_Images\device 2\3_aug_047.jpg,device 2/3_aug_047.jpg,device 2,Not-Damaged,device 2,True,,,False,True,False,True,device 2/3.png
C:\Users\k-12outreach\summercamp_josephyup\summer-workshop-josephyup\Augmented_Device_Images\device 2\3_1_aug_048.jpg,device 2/3_1_aug_048.jpg,device 2,Not-Damaged,device 2,True,,,False,True,False,True,device 2/3_1.png
C:\Users\k-12outreach\summercamp_josephyup\summer-workshop-josephyup\Augmented_Device_Images\device 2\1_aug_049.jpg,device 2/1_aug_049.jpg,device 2,Not-Damaged,device 2,True,,,False,True,False,True,device 2/1.png
C:\Users\k-12outreach\summercamp_josephyup\summer-workshop-josephyup\Augmented_Device_Images\device 2\1_1_aug_050.jpg,device 2/1_1_aug_050.jpg,device 2,Not-Damaged,device 2,True,,,False,True,False,True,device 2/1_1.png
C:\Users\k-12outreach\summercamp_josephyup\summer-workshop-josephyup\Augmented_Device_Images\device 2\2_aug_051.jpg,device 2/2_aug_051.jpg,device 2,Not-Damaged,device 2,True,,,False,True,False,True,device 2/2.png
C:\Users\k-12outreach\summercamp_josephyup\summer-workshop-josephyup\Augmented_Device_Images\device 2\2_1_aug_052.jpg,device 2/2_1_aug_052.jpg,device 2,Not-Damaged,device 2,True,,,False,True,False,True,device 2/2_1.png
C:\Users\k-12outreach\summercamp_josephyup\summer-workshop-josephyup\Augmented_Device_Images\device 2\3_aug_053.jpg,device 2/3_aug_053.jpg,device 2,Not-Damaged,device 2,True,,,False,True,False,True,device 2/3.png
C:\Users\k-12outreach\summercamp_josephyup\summer-workshop-josephyup\Augmented_Device_Images\device 2\3_1_aug_054.jpg,device 2/3_1_aug_054.jpg,device 2,Not-Damaged,device 2,True,,,False,True,False,True,device 2/3_1.png
C:\Users\k-12outreach\summercamp_josephyup\summer-workshop-josephyup\Augmented_Device_Images\device 2\1_aug_055.jpg,device 2/1_aug_055.jpg,device 2,Not-Damaged,device 2,True,,,False,True,False,True,device 2/1.png
C:\Users\k-12outreach\summercamp_josephyup\summer-workshop-josephyup\Augmented_Device_Images\device 2\1_1_aug_056.jpg,device 2/1_1_aug_056.jpg,device 2,Not-Damaged,device 2,True,,,False,True,False,True,device 2/1_1.png
C:\Users\k-12outreach\summercamp_josephyup\summer-workshop-josephyup\Augmented_Device_Images\device 2\2_aug_057.jpg,device 2/2_aug_057.jpg,device 2,Not-Damaged,device 2,True,,,False,True,False,True,device 2/2.png
C:\Users\k-12outreach\summercamp_josephyup\summer-workshop-josephyup\Augmented_Device_Images\device 2\2_1_aug_058.jpg,device 2/2_1_aug_058.jpg,device 2,Not-Damaged,device 2,True,,,False,True,False,True,device 2/2_1.png
C:\Users\k-12outreach\summercamp_josephyup\summer-workshop-josephyup\Augmented_Device_Images\device 2\3_aug_059.jpg,device 2/3_aug_059.jpg,device 2,Not-Damaged,device 2,True,,,False,True,False,True,device 2/3.png
C:\Users\k-12outreach\summercamp_josephyup\summer-workshop-josephyup\Augmented_Device_Images\device 2\3_1_aug_060.jpg,device 2/3_1_aug_060.jpg,device 2,Not-Damaged,device 2,True,,,False,True,False,True,device 2/3_1.png
C:\Users\k-12outreach\summercamp_josephyup\summer-workshop-josephyup\Augmented_Device_Images\device 2\1_aug_061.jpg,device 2/1_aug_061.jpg,device 2,Not-Damaged,device 2,True,,,False,True,False,True,device 2/1.png
C:\Users\k-12outreach\summercamp_josephyup\summer-workshop-josephyup\Augmented_Device_Images\device 2\1_1_aug_062.jpg,device 2/1_1_aug_062.jpg,device 2,Not-Damaged,device 2,True,,,False,True,False,True,device 2/1_1.png
C:\Users\k-12outreach\summercamp_josephyup\summer-workshop-josephyup\Augmented_Device_Images\device 2\2_aug_063.jpg,device 2/2_aug_063.jpg,device 2,Not-Damaged,device 2,True,,,False,True,False,True,device 2/2.png
C:\Users\k-12outreach\summercamp_josephyup\summer-workshop-josephyup\Augmented_Device_Images\device 2\2_1_aug_064.jpg,device 2/2_1_aug_064.jpg,device 2,Not-Damaged,device 2,True,,,False,True,False,True,device 2/2_1.png
C:\Users\k-12outreach\summercamp_josephyup\summer-workshop-josephyup\Augmented_Device_Images\device 2\3_aug_065.jpg,device 2/3_aug_065.jpg,device 2,Not-Damaged,device 2,True,,,False,True,False,True,device 2/3.png
C:\Users\k-12outreach\summercamp_josephyup\summer-workshop-josephyup\Augmented_Device_Images\device 2\3_1_aug_066.jpg,device 2/3_1_aug_066.jpg,device 2,Not-Damaged,device 2,True,,,False,True,False,True,device 2/3_1.png
C:\Users\k-12outreach\summercamp_josephyup\summer-workshop-josephyup\Augmented_Device_Images\device 2\1_aug_067.jpg,device 2/1_aug_067.jpg,device 2,Not-Damaged,device 2,True,,,False,True,False,True,device 2/1.png
C:\Users\k-12outreach\summercamp_josephyup\summer-workshop-josephyup\Augmented_Device_Images\device 2\1_1_aug_068.jpg,device 2/1_1_aug_068.jpg,device 2,Not-Damaged,device 2,True,,,False,True,False,True,device 2/1_1.png
C:\Users\k-12outreach\summercamp_josephyup\summer-workshop-josephyup\Augmented_Device_Images\device 2\2_aug_069.jpg,device 2/2_aug_069.jpg,device 2,Not-Damaged,device 2,True,,,False,True,False,True,device 2/2.png
C:\Users\k-12outreach\summercamp_josephyup\summer-workshop-josephyup\Augmented_Device_Images\device 2\2_1_aug_070.jpg,device 2/2_1_aug_070.jpg,device 2,Not-Damaged,device 2,True,,,False,True,False,True,device 2/2_1.png
C:\Users\k-12outreach\summercamp_josephyup\summer-workshop-josephyup\Augmented_Device_Images\device 2\3_aug_071.jpg,device 2/3_aug_071.jpg,device 2,Not-Damaged,device 2,True,,,False,True,False,True,device 2/3.png
C:\Users\k-12outreach\summercamp_josephyup\summer-workshop-josephyup\Augmented_Device_Images\device 2\3_1_aug_072.jpg,device 2/3_1_aug_072.jpg,device 2,Not-Damaged,device 2,True,,,False,True,False,True,device 2/3_1.png
C:\Users\k-12outreach\summercamp_josephyup\summer-workshop-josephyup\Augmented_Device_Images\device 2\1_aug_073.jpg,device 2/1_aug_073.jpg,device 2,Not-Damaged,device 2,True,,,False,True,False,True,device 2/1.png
C:\Users\k-12outreach\summercamp_josephyup\summer-workshop-josephyup\Augmented_Device_Images\device 2\1_1_aug_074.jpg,device 2/1_1_aug_074.jpg,device 2,Not-Damaged,device 2,True,,,False,True,False,True,device 2/1_1.png
C:\Users\k-12outreach\summercamp_josephyup\summer-workshop-josephyup\Augmented_Device_Images\device 2\2_aug_075.jpg,device 2/2_aug_075.jpg,device 2,Not-Damaged,device 2,True,,,False,True,False,True,device 2/2.png
C:\Users\k-12outreach\summercamp_josephyup\summer-workshop-josephyup\Augmented_Device_Images\device 2\2_1_aug_076.jpg,device 2/2_1_aug_076.jpg,device 2,Not-Damaged,device 2,True,,,False,True,False,True,device 2/2_1.png
C:\Users\k-12outreach\summercamp_josephyup\summer-workshop-josephyup\Augmented_Device_Images\device 2\3_aug_077.jpg,device 2/3_aug_077.jpg,device 2,Not-Damaged,device 2,True,,,False,True,False,True,device 2/3.png
C:\Users\k-12outreach\summercamp_josephyup\summer-workshop-josephyup\Augmented_Device_Images\device 2\3_1_aug_078.jpg,device 2/3_1_aug_078.jpg,device 2,Not-Damaged,device 2,True,,,False,True,False,True,device 2/3_1.png
C:\Users\k-12outreach\summercamp_josephyup\summer-workshop-josephyup\Augmented_Device_Images\device 2\1_aug_079.jpg,device 2/1_aug_079.jpg,device 2,Not-Damaged,device 2,True,,,False,True,False,True,device 2/1.png
C:\Users\k-12outreach\summercamp_josephyup\summer-workshop-josephyup\Augmented_Device_Images\device 2\1_1_aug_080.jpg,device 2/1_1_aug_080.jpg,device 2,Not-Damaged,device 2,True,,,False,True,False,True,device 2/1_1.png
C:\Users\k-12outreach\summercamp_josephyup\summer-workshop-josephyup\Augmented_Device_Images\device 2\2_aug_081.jpg,device 2/2_aug_081.jpg,device 2,Not-Damaged,device 2,True,,,False,True,False,True,device 2/2.png
C:\Users\k-12outreach\summercamp_josephyup\summer-workshop-josephyup\Augmented_Device_Images\device 2\2_1_aug_082.jpg,device 2/2_1_aug_082.jpg,device 2,Not-Damaged,device 2,True,,,False,True,False,True,device 2/2_1.png
C:\Users\k-12outreach\summercamp_josephyup\summer-workshop-josephyup\Augmented_Device_Images\device 2\3_aug_083.jpg,device 2/3_aug_083.jpg,device 2,Not-Damaged,device 2,True,,,False,True,False,True,device 2/3.png
C:\Users\k-12outreach\summercamp_josephyup\summer-workshop-josephyup\Augmented_Device_Images\device 2\3_1_aug_084.jpg,device 2/3_1_aug_084.jpg,device 2,Not-Damaged,device 2,True,,,False,True,False,True,device 2/3_1.png
C:\Users\k-12outreach\summercamp_josephyup\summer-workshop-josephyup\Augmented_Device_Images\device 2\1_aug_085.jpg,device 2/1_aug_085.jpg,device 2,Not-Damaged,device 2,True,,,False,True,False,True,device 2/1.png
C:\Users\k-12outreach\summercamp_josephyup\summer-workshop-josephyup\Augmented_Device_Images\device 2\1_1_aug_086.jpg,device 2/1_1_aug_086.jpg,device 2,Not-Damaged,device 2,True,,,False,True,False,True,device 2/1_1.png
C:\Users\k-12outreach\summercamp_josephyup\summer-workshop-josephyup\Augmented_Device_Images\device 2\2_aug_087.jpg,device 2/2_aug_087.jpg,device 2,Not-Damaged,device 2,True,,,False,True,False,True,device 2/2.png
C:\Users\k-12outreach\summercamp_josephyup\summer-workshop-josephyup\Augmented_Device_Images\device 2\2_1_aug_088.jpg,device 2/2_1_aug_088.jpg,device 2,Not-Damaged,device 2,True,,,False,True,False,True,device 2/2_1.png
C:\Users\k-12outreach\summercamp_josephyup\summer-workshop-josephyup\Augmented_Device_Images\device 2\3_aug_089.jpg,device 2/3_aug_089.jpg,device 2,Not-Damaged,device 2,True,,,False,True,False,True,device 2/3.png
C:\Users\k-12outreach\summercamp_josephyup\summer-workshop-josephyup\Augmented_Device_Images\device 2\3_1_aug_090.jpg,device 2/3_1_aug_090.jpg,device 2,Not-Damaged,device 2,True,,,False,True,False,True,device 2/3_1.png
C:\Users\k-12outreach\summercamp_josephyup\summer-workshop-josephyup\Augmented_Device_Images\device 2\1_aug_091.jpg,device 2/1_aug_091.jpg,device 2,Not-Damaged,device 2,True,,,False,True,False,True,device 2/1.png
C:\Users\k-12outreach\summercamp_josephyup\summer-workshop-josephyup\Augmented_Device_Images\device 2\1_1_aug_092.jpg,device 2/1_1_aug_092.jpg,device 2,Not-Damaged,device 2,True,,,False,True,False,True,device 2/1_1.png
C:\Users\k-12outreach\summercamp_josephyup\summer-workshop-josephyup\Augmented_Device_Images\device 2\2_aug_093.jpg,device 2/2_aug_093.jpg,device 2,Not-Damaged,device 2,True,,,False,True,False,True,device 2/2.png
C:\Users\k-12outreach\summercamp_josephyup\summer-workshop-josephyup\Augmented_Device_Images\device 2\2_1_aug_094.jpg,device 2/2_1_aug_094.jpg,device 2,Not-Damaged,device 2,True,,,False,True,False,True,device 2/2_1.png
C:\Users\k-12outreach\summercamp_josephyup\summer-workshop-josephyup\Augmented_Device_Images\device 2\3_aug_095.jpg,device 2/3_aug_095.jpg,device 2,Not-Damaged,device 2,True,,,False,True,False,True,device 2/3.png
C:\Users\k-12outreach\summercamp_josephyup\summer-workshop-josephyup\Augmented_Device_Images\device 2\3_1_aug_096.jpg,device 2/3_1_aug_096.jpg,device 2,Not-Damaged,device 2,True,,,False,True,False,True,device 2/3_1.png
C:\Users\k-12outreach\summercamp_josephyup\summer-workshop-josephyup\Augmented_Device_Images\device 2\1_aug_097.jpg,device 2/1_aug_097.jpg,device 2,Not-Damaged,device 2,True,,,False,True,False,True,device 2/1.png
C:\Users\k-12outreach\summercamp_josephyup\summer-workshop-josephyup\Augmented_Device_Images\device 2\1_1_aug_098.jpg,device 2/1_1_aug_098.jpg,device 2,Not-Damaged,device 2,True,,,False,True,False,True,device 2/1_1.png
C:\Users\k-12outreach\summercamp_josephyup\summer-workshop-josephyup\Augmented_Device_Images\device 2\2_aug_099.jpg,device 2/2_aug_099.jpg,device 2,Not-Damaged,device 2,True,,,False,True,False,True,device 2/2.png
C:\Users\k-12outreach\summercamp_josephyup\summer-workshop-josephyup\Augmented_Device_Images\device 2\2_1_aug_100.jpg,device 2/2_1_aug_100.jpg,device 2,Not-Damaged,device 2,True,,,False,True,False,True,device 2/2_1.png
C:\Users\k-12outreach\summercamp_josephyup\summer-workshop-josephyup\Augmented_Device_Images\device 2\3_aug_101.jpg,device 2/3_aug_101.jpg,device 2,Not-Damaged,device 2,True,,,False,True,False,True,device 2/3.png
C:\Users\k-12outreach\summercamp_josephyup\summer-workshop-josephyup\Augmented_Device_Images\device 2\3_1_aug_102.jpg,device 2/3_1_aug_102.jpg,device 2,Not-Damaged,device 2,True,,,False,True,False,True,device 2/3_1.png
C:\Users\k-12outreach\summercamp_josephyup\summer-workshop-josephyup\Augmented_Device_Images\device 2\1_aug_103.jpg,device 2/1_aug_103.jpg,device 2,Not-Damaged,device 2,True,,,False,True,False,True,device 2/1.png
C:\Users\k-12outreach\summercamp_josephyup\summer-workshop-josephyup\Augmented_Device_Images\device 2\1_1_aug_104.jpg,device 2/1_1_aug_104.jpg,device 2,Not-Damaged,device 2,True,,,False,True,False,True,device 2/1_1.png
C:\Users\k-12outreach\summercamp_josephyup\summer-workshop-josephyup\Augmented_Device_Images\device 2\2_aug_105.jpg,device 2/2_aug_105.jpg,device 2,Not-Damaged,device 2,True,,,False,True,False,True,device 2/2.png
C:\Users\k-12outreach\summercamp_josephyup\summer-workshop-josephyup\Augmented_Device_Images\device 2\2_1_aug_106.jpg,device 2/2_1_aug_106.jpg,device 2,Not-Damaged,device 2,True,,,False,True,False,True,device 2/2_1.png
C:\Users\k-12outreach\summercamp_josephyup\summer-workshop-josephyup\Augmented_Device_Images\device 2\3_aug_107.jpg,device 2/3_aug_107.jpg,device 2,Not-Damaged,device 2,True,,,False,True,False,True,device 2/3.png
C:\Users\k-12outreach\summercamp_josephyup\summer-workshop-josephyup\Augmented_Device_Images\device 2\3_1_aug_108.jpg,device 2/3_1_aug_108.jpg,device 2,Not-Damaged,device 2,True,,,False,True,False,True,device 2/3_1.png
C:\Users\k-12outreach\summercamp_josephyup\summer-workshop-josephyup\Augmented_Device_Images\device 2\1_aug_109.jpg,device 2/1_aug_109.jpg,device 2,Not-Damaged,device 2,True,,,False,True,False,True,device 2/1.png
C:\Users\k-12outreach\summercamp_josephyup\summer-workshop-josephyup\Augmented_Device_Images\device 2\1_1_aug_110.jpg,device 2/1_1_aug_110.jpg,device 2,Not-Damaged,device 2,True,,,False,True,False,True,device 2/1_1.png
C:\Users\k-12outreach\summercamp_josephyup\summer-workshop-josephyup\Augmented_Device_Images\device 2\2_aug_111.jpg,device 2/2_aug_111.jpg,device 2,Not-Damaged,device 2,True,,,False,True,False,True,device 2/2.png
C:\Users\k-12outreach\summercamp_josephyup\summer-workshop-josephyup\Augmented_Device_Images\device 2\2_1_aug_112.jpg,device 2/2_1_aug_112.jpg,device 2,Not-Damaged,device 2,True,,,False,True,False,True,device 2/2_1.png
C:\Users\k-12outreach\summercamp_josephyup\summer-workshop-josephyup\Augmented_Device_Images\device 2\3_aug_113.jpg,device 2/3_aug_113.jpg,device 2,Not-Damaged,device 2,True,,,False,True,False,True,device 2/3.png
C:\Users\k-12outreach\summercamp_josephyup\summer-workshop-josephyup\Augmented_Device_Images\device 2\3_1_aug_114.jpg,device 2/3_1_aug_114.jpg,device 2,Not-Damaged,device 2,True,,,False,True,False,True,device 2/3_1.png
C:\Users\k-12outreach\summercamp_josephyup\summer-workshop-josephyup\Augmented_Device_Images\device 2\1_aug_115.jpg,device 2/1_aug_115.jpg,device 2,Not-Damaged,device 2,True,,,False,True,False,True,device 2/1.png
C:\Users\k-12outreach\summercamp_josephyup\summer-workshop-josephyup\Augmented_Device_Images\device 2\1_1_aug_116.jpg,device 2/1_1_aug_116.jpg,device 2,Not-Damaged,device 2,True,,,False,True,False,True,device 2/1_1.png
C:\Users\k-12outreach\summercamp_josephyup\summer-workshop-josephyup\Augmented_Device_Images\device 2\2_aug_117.jpg,device 2/2_aug_117.jpg,device 2,Not-Damaged,device 2,True,,,False,True,False,True,device 2/2.png
C:\Users\k-12outreach\summercamp_josephyup\summer-workshop-josephyup\Augmented_Device_Images\device 2\2_1_aug_118.jpg,device 2/2_1_aug_118.jpg,device 2,Not-Damaged,device 2,True,,,False,True,False,True,device 2/2_1.png
C:\Users\k-12outreach\summercamp_josephyup\summer-workshop-josephyup\Augmented_Device_Images\device 2\3_aug_119.jpg,device 2/3_aug_119.jpg,device 2,Not-Damaged,device 2,True,,,False,True,False,True,device 2/3.png
C:\Users\k-12outreach\summercamp_josephyup\summer-workshop-josephyup\Augmented_Device_Images\device 2\3_1_aug_120.jpg,device 2/3_1_aug_120.jpg,device 2,Not-Damaged,device 2,True,,,False,True,False,True,device 2/3_1.png
C:\Users\k-12outreach\summercamp_josephyup\summer-workshop-josephyup\Augmented_Device_Images\device 2\1_aug_121.jpg,device 2/1_aug_121.jpg,device 2,Not-Damaged,device 2,True,,,False,True,False,True,device 2/1.png
C:\Users\k-12outreach\summercamp_josephyup\summer-workshop-josephyup\Augmented_Device_Images\device 2\1_1_aug_122.jpg,device 2/1_1_aug_122.jpg,device 2,Not-Damaged,device 2,True,,,False,True,False,True,device 2/1_1.png
C:\Users\k-12outreach\summercamp_josephyup\summer-workshop-josephyup\Augmented_Device_Images\device 2\2_aug_123.jpg,device 2/2_aug_123.jpg,device 2,Not-Damaged,device 2,True,,,False,True,False,True,device 2/2.png
C:\Users\k-12outreach\summercamp_josephyup\summer-workshop-josephyup\Augmented_Device_Images\device 2\2_1_aug_124.jpg,device 2/2_1_aug_124.jpg,device 2,Not-Damaged,device 2,True,,,False,True,False,True,device 2/2_1.png
C:\Users\k-12outreach\summercamp_josephyup\summer-workshop-josephyup\Augmented_Device_Images\device 2\3_aug_125.jpg,device 2/3_aug_125.jpg,device 2,Not-Damaged,device 2,True,,,False,True,False,True,device 2/3.png
C:\Users\k-12outreach\summercamp_josephyup\summer-workshop-josephyup\Augmented_Device_Images\device 2\3_1_aug_126.jpg,device 2/3_1_aug_126.jpg,device 2,Not-Damaged,device 2,True,,,False,True,False,True,device 2/3_1.png
C:\Users\k-12outreach\summercamp_josephyup\summer-workshop-josephyup\Augmented_Device_Images\device 2\1_aug_127.jpg,device 2/1_aug_127.jpg,device 2,Not-Damaged,device 2,True,,,False,True,False,True,device 2/1.png
C:\Users\k-12outreach\summercamp_josephyup\summer-workshop-josephyup\Augmented_Device_Images\device 2\1_1_aug_128.jpg,device 2/1_1_aug_128.jpg,device 2,Not-Damaged,device 2,True,,,False,True,False,True,device 2/1_1.png
C:\Users\k-12outreach\summercamp_josephyup\summer-workshop-josephyup\Augmented_Device_Images\device 2\2_aug_129.jpg,device 2/2_aug_129.jpg,device 2,Not-Damaged,device 2,True,,,False,True,False,True,device 2/2.png
C:\Users\k-12outreach\summercamp_josephyup\summer-workshop-josephyup\Augmented_Device_Images\device 2\2_1_aug_130.jpg,device 2/2_1_aug_130.jpg,device 2,Not-Damaged,device 2,True,,,False,True,False,True,device 2/2_1.png
C:\Users\k-12outreach\summercamp_josephyup\summer-workshop-josephyup\Augmented_Device_Images\device 2\3_aug_131.jpg,device 2/3_aug_131.jpg,device 2,Not-Damaged,device 2,True,,,False,True,False,True,device 2/3.png
C:\Users\k-12outreach\summercamp_josephyup\summer-workshop-josephyup\Augmented_Device_Images\device 2\3_1_aug_132.jpg,device 2/3_1_aug_132.jpg,device 2,Not-Damaged,device 2,True,,,False,True,False,True,device 2/3_1.png
C:\Users\k-12outreach\summercamp_josephyup\summer-workshop-josephyup\Augmented_Device_Images\device 2\1_aug_133.jpg,device 2/1_aug_133.jpg,device 2,Not-Damaged,device 2,True,,,False,True,False,True,device 2/1.png
C:\Users\k-12outreach\summercamp_josephyup\summer-workshop-josephyup\Augmented_Device_Images\device 2\1_1_aug_134.jpg,device 2/1_1_aug_134.jpg,device 2,Not-Damaged,device 2,True,,,False,True,False,True,device 2/1_1.png
C:\Users\k-12outreach\summercamp_josephyup\summer-workshop-josephyup\Augmented_Device_Images\device 2\2_aug_135.jpg,device 2/2_aug_135.jpg,device 2,Not-Damaged,device 2,True,,,False,True,False,True,device 2/2.png
C:\Users\k-12outreach\summercamp_josephyup\summer-workshop-josephyup\Augmented_Device_Images\device 2\2_1_aug_136.jpg,device 2/2_1_aug_136.jpg,device 2,Not-Damaged,device 2,True,,,False,True,False,True,device 2/2_1.png
C:\Users\k-12outreach\summercamp_josephyup\summer-workshop-josephyup\Augmented_Device_Images\device 2\3_aug_137.jpg,device 2/3_aug_137.jpg,device 2,Not-Damaged,device 2,True,,,False,True,False,True,device 2/3.png
C:\Users\k-12outreach\summercamp_josephyup\summer-workshop-josephyup\Augmented_Device_Images\device 2\3_1_aug_138.jpg,device 2/3_1_aug_138.jpg,device 2,Not-Damaged,device 2,True,,,False,True,False,True,device 2/3_1.png
C:\Users\k-12outreach\summercamp_josephyup\summer-workshop-josephyup\Augmented_Device_Images\device 2\1_aug_139.jpg,device 2/1_aug_139.jpg,device 2,Not-Damaged,device 2,True,,,False,True,False,True,device 2/1.png
C:\Users\k-12outreach\summercamp_josephyup\summer-workshop-josephyup\Augmented_Device_Images\device 2\1_1_aug_140.jpg,device 2/1_1_aug_140.jpg,device 2,Not-Damaged,device 2,True,,,False,True,False,True,device 2/1_1.png
C:\Users\k-12outreach\summercamp_josephyup\summer-workshop-josephyup\Augmented_Device_Images\device 2\2_aug_141.jpg,device 2/2_aug_141.jpg,device 2,Not-Damaged,device 2,True,,,False,True,False,True,device 2/2.png
C:\Users\k-12outreach\summercamp_josephyup\summer-workshop-josephyup\Augmented_Device_Images\device 2\2_1_aug_142.jpg,device 2/2_1_aug_142.jpg,device 2,Not-Damaged,device 2,True,,,False,True,False,True,device 2/2_1.png
C:\Users\k-12outreach\summercamp_josephyup\summer-workshop-josephyup\Augmented_Device_Images\device 2\3_aug_143.jpg,device 2/3_aug_143.jpg,device 2,Not-Damaged,device 2,True,,,False,True,False,True,device 2/3.png
C:\Users\k-12outreach\summercamp_josephyup\summer-workshop-josephyup\Augmented_Device_Images\device 2\3_1_aug_144.jpg,device 2/3_1_aug_144.jpg,device 2,Not-Damaged,device 2,True,,,False,True,False,True,device 2/3_1.png
C:\Users\k-12outreach\summercamp_josephyup\summer-workshop-josephyup\Augmented_Device_Images\device 2\1_aug_145.jpg,device 2/1_aug_145.jpg,device 2,Not-Damaged,device 2,True,,,False,True,False,True,device 2/1.png
C:\Users\k-12outreach\summercamp_josephyup\summer-workshop-josephyup\Augmented_Device_Images\device 2\1_1_aug_146.jpg,device 2/1_1_aug_146.jpg,device 2,Not-Damaged,device 2,True,,,False,True,False,True,device 2/1_1.png
C:\Users\k-12outreach\summercamp_josephyup\summer-workshop-josephyup\Augmented_Device_Images\device 2\2_aug_147.jpg,device 2/2_aug_147.jpg,device 2,Not-Damaged,device 2,True,,,False,True,False,True,device 2/2.png
C:\Users\k-12outreach\summercamp_josephyup\summer-workshop-josephyup\Augmented_Device_Images\device 2\2_1_aug_148.jpg,device 2/2_1_aug_148.jpg,device 2,Not-Damaged,device 2,True,,,False,True,False,True,device 2/2_1.png
C:\Users\k-12outreach\summercamp_josephyup\summer-workshop-josephyup\Augmented_Device_Images\device 2\3_aug_149.jpg,device 2/3_aug_149.jpg,device 2,Not-Damaged,device 2,True,,,False,True,False,True,device 2/3.png
C:\Users\k-12outreach\summercamp_josephyup\summer-workshop-josephyup\Augmented_Device_Images\device 2\3_1_aug_150.jpg,device 2/3_1_aug_150.jpg,device 2,Not-Damaged,device 2,True,,,False,True,False,True,device 2/3_1.png
C:\Users\k-12outreach\summercamp_josephyup\summer-workshop-josephyup\Augmented_Device_Images\device 2\1_aug_151.jpg,device 2/1_aug_151.jpg,device 2,Not-Damaged,device 2,True,,,False,True,False,True,device 2/1.png
C:\Users\k-12outreach\summercamp_josephyup\summer-workshop-josephyup\Augmented_Device_Images\device 2\1_1_aug_152.jpg,device 2/1_1_aug_152.jpg,device 2,Not-Damaged,device 2,True,,,False,True,False,True,device 2/1_1.png
C:\Users\k-12outreach\summercamp_josephyup\summer-workshop-josephyup\Augmented_Device_Images\device 2\2_aug_153.jpg,device 2/2_aug_153.jpg,device 2,Not-Damaged,device 2,True,,,False,True,False,True,device 2/2.png
C:\Users\k-12outreach\summercamp_josephyup\summer-workshop-josephyup\Augmented_Device_Images\device 2\2_1_aug_154.jpg,device 2/2_1_aug_154.jpg,device 2,Not-Damaged,device 2,True,,,False,True,False,True,device 2/2_1.png
C:\Users\k-12outreach\summercamp_josephyup\summer-workshop-josephyup\Augmented_Device_Images\device 2\3_aug_155.jpg,device 2/3_aug_155.jpg,device 2,Not-Damaged,device 2,True,,,False,True,False,True,device 2/3.png
C:\Users\k-12outreach\summercamp_josephyup\summer-workshop-josephyup\Augmented_Device_Images\device 2\3_1_aug_156.jpg,device 2/3_1_aug_156.jpg,device 2,Not-Damaged,device 2,True,,,False,True,False,True,device 2/3_1.png
C:\Users\k-12outreach\summercamp_josephyup\summer-workshop-josephyup\Augmented_Device_Images\device 2\1_aug_157.jpg,device 2/1_aug_157.jpg,device 2,Not-Damaged,device 2,True,,,False,True,False,True,device 2/1.png
C:\Users\k-12outreach\summercamp_josephyup\summer-workshop-josephyup\Augmented_Device_Images\device 2\1_1_aug_158.jpg,device 2/1_1_aug_158.jpg,device 2,Not-Damaged,device 2,True,,,False,True,False,True,device 2/1_1.png
C:\Users\k-12outreach\summercamp_josephyup\summer-workshop-josephyup\Augmented_Device_Images\device 2\2_aug_159.jpg,device 2/2_aug_159.jpg,device 2,Not-Damaged,device 2,True,,,False,True,False,True,device 2/2.png
C:\Users\k-12outreach\summercamp_josephyup\summer-workshop-josephyup\Augmented_Device_Images\device 2\2_1_aug_160.jpg,device 2/2_1_aug_160.jpg,device 2,Not-Damaged,device 2,True,,,False,True,False,True,device 2/2_1.png
C:\Users\k-12outreach\summercamp_josephyup\summer-workshop-josephyup\Augmented_Device_Images\device 2\3_aug_161.jpg,device 2/3_aug_161.jpg,device 2,Not-Damaged,device 2,True,,,False,True,False,True,device 2/3.png
C:\Users\k-12outreach\summercamp_josephyup\summer-workshop-josephyup\Augmented_Device_Images\device 2\3_1_aug_162.jpg,device 2/3_1_aug_162.jpg,device 2,Not-Damaged,device 2,True,,,False,True,False,True,device 2/3_1.png
C:\Users\k-12outreach\summercamp_josephyup\summer-workshop-josephyup\Augmented_Device_Images\device 2\1_aug_163.jpg,device 2/1_aug_163.jpg,device 2,Not-Damaged,device 2,True,,,False,True,False,True,device 2/1.png
C:\Users\k-12outreach\summercamp_josephyup\summer-workshop-josephyup\Augmented_Device_Images\device 2\1_1_aug_164.jpg,device 2/1_1_aug_164.jpg,device 2,Not-Damaged,device 2,True,,,False,True,False,True,device 2/1_1.png
C:\Users\k-12outreach\summercamp_josephyup\summer-workshop-josephyup\Augmented_Device_Images\device 2\2_aug_165.jpg,device 2/2_aug_165.jpg,device 2,Not-Damaged,device 2,True,,,False,True,False,True,device 2/2.png
C:\Users\k-12outreach\summercamp_josephyup\summer-workshop-josephyup\Augmented_Device_Images\device 2\2_1_aug_166.jpg,device 2/2_1_aug_166.jpg,device 2,Not-Damaged,device 2,True,,,False,True,False,True,device 2/2_1.png
C:\Users\k-12outreach\summercamp_josephyup\summer-workshop-josephyup\Augmented_Device_Images\device 2\3_aug_167.jpg,device 2/3_aug_167.jpg,device 2,Not-Damaged,device 2,True,,,False,True,False,True,device 2/3.png
C:\Users\k-12outreach\summercamp_josephyup\summer-workshop-josephyup\Augmented_Device_Images\device 2\3_1_aug_168.jpg,device 2/3_1_aug_168.jpg,device 2,Not-Damaged,device 2,True,,,False,True,False,True,device 2/3_1.png
C:\Users\k-12outreach\summercamp_josephyup\summer-workshop-josephyup\Augmented_Device_Images\device 2\1_aug_169.jpg,device 2/1_aug_169.jpg,device 2,Not-Damaged,device 2,True,,,False,True,False,True,device 2/1.png
C:\Users\k-12outreach\summercamp_josephyup\summer-workshop-josephyup\Augmented_Device_Images\device 2\1_1_aug_170.jpg,device 2/1_1_aug_170.jpg,device 2,Not-Damaged,device 2,True,,,False,True,False,True,device 2/1_1.png
C:\Users\k-12outreach\summercamp_josephyup\summer-workshop-josephyup\Augmented_Device_Images\device 2\2_aug_171.jpg,device 2/2_aug_171.jpg,device 2,Not-Damaged,device 2,True,,,False,True,False,True,device 2/2.png
C:\Users\k-12outreach\summercamp_josephyup\summer-workshop-josephyup\Augmented_Device_Images\device 2\2_1_aug_172.jpg,device 2/2_1_aug_172.jpg,device 2,Not-Damaged,device 2,True,,,False,True,False,True,device 2/2_1.png
C:\Users\k-12outreach\summercamp_josephyup\summer-workshop-josephyup\Augmented_Device_Images\device 2\3_aug_173.jpg,device 2/3_aug_173.jpg,device 2,Not-Damaged,device 2,True,,,False,True,False,True,device 2/3.png
C:\Users\k-12outreach\summercamp_josephyup\summer-workshop-josephyup\Augmented_Device_Images\device 2\3_1_aug_174.jpg,device 2/3_1_aug_174.jpg,device 2,Not-Damaged,device 2,True,,,False,True,False,True,device 2/3_1.png
C:\Users\k-12outreach\summercamp_josephyup\summer-workshop-josephyup\Augmented_Device_Images\device 2\1_aug_175.jpg,device 2/1_aug_175.jpg,device 2,Not-Damaged,device 2,True,,,False,True,False,True,device 2/1.png
C:\Users\k-12outreach\summercamp_josephyup\summer-workshop-josephyup\Augmented_Device_Images\device 2\1_1_aug_176.jpg,device 2/1_1_aug_176.jpg,device 2,Not-Damaged,device 2,True,,,False,True,False,True,device 2/1_1.png
C:\Users\k-12outreach\summercamp_josephyup\summer-workshop-josephyup\Augmented_Device_Images\device 2\2_aug_177.jpg,device 2/2_aug_177.jpg,device 2,Not-Damaged,device 2,True,,,False,True,False,True,device 2/2.png
C:\Users\k-12outreach\summercamp_josephyup\summer-workshop-josephyup\Augmented_Device_Images\device 2\2_1_aug_178.jpg,device 2/2_1_aug_178.jpg,device 2,Not-Damaged,device 2,True,,,False,True,False,True,device 2/2_1.png
C:\Users\k-12outreach\summercamp_josephyup\summer-workshop-josephyup\Augmented_Device_Images\device 2\3_aug_179.jpg,device 2/3_aug_179.jpg,device 2,Not-Damaged,device 2,True,,,False,True,False,True,device 2/3.png
C:\Users\k-12outreach\summercamp_josephyup\summer-workshop-josephyup\Augmented_Device_Images\device 2\3_1_aug_180.jpg,device 2/3_1_aug_180.jpg,device 2,Not-Damaged,device 2,True,,,False,True,False,True,device 2/3_1.png
C:\Users\k-12outreach\summercamp_josephyup\summer-workshop-josephyup\Augmented_Device_Images\device 2\1_aug_181.jpg,device 2/1_aug_181.jpg,device 2,Not-Damaged,device 2,True,,,False,True,False,True,device 2/1.png
C:\Users\k-12outreach\summercamp_josephyup\summer-workshop-josephyup\Augmented_Device_Images\device 2\1_1_aug_182.jpg,device 2/1_1_aug_182.jpg,device 2,Not-Damaged,device 2,True,,,False,True,False,True,device 2/1_1.png
C:\Users\k-12outreach\summercamp_josephyup\summer-workshop-josephyup\Augmented_Device_Images\device 2\2_aug_183.jpg,device 2/2_aug_183.jpg,device 2,Not-Damaged,device 2,True,,,False,True,False,True,device 2/2.png
C:\Users\k-12outreach\summercamp_josephyup\summer-workshop-josephyup\Augmented_Device_Images\device 2\2_1_aug_184.jpg,device 2/2_1_aug_184.jpg,device 2,Not-Damaged,device 2,True,,,False,True,False,True,device 2/2_1.png
C:\Users\k-12outreach\summercamp_josephyup\summer-workshop-josephyup\Augmented_Device_Images\device 2\3_aug_185.jpg,device 2/3_aug_185.jpg,device 2,Not-Damaged,device 2,True,,,False,True,False,True,device 2/3.png
C:\Users\k-12outreach\summercamp_josephyup\summer-workshop-josephyup\Augmented_Device_Images\device 2\3_1_aug_186.jpg,device 2/3_1_aug_186.jpg,device 2,Not-Damaged,device 2,True,,,False,True,False,True,device 2/3_1.png
C:\Users\k-12outreach\summercamp_josephyup\summer-workshop-josephyup\Augmented_Device_Images\device 2\1_aug_187.jpg,device 2/1_aug_187.jpg,device 2,Not-Damaged,device 2,True,,,False,True,False,True,device 2/1.png
C:\Users\k-12outreach\summercamp_josephyup\summer-workshop-josephyup\Augmented_Device_Images\device 2\1_1_aug_188.jpg,device 2/1_1_aug_188.jpg,device 2,Not-Damaged,device 2,True,,,False,True,False,True,device 2/1_1.png
C:\Users\k-12outreach\summercamp_josephyup\summer-workshop-josephyup\Augmented_Device_Images\device 2\2_aug_189.jpg,device 2/2_aug_189.jpg,device 2,Not-Damaged,device 2,True,,,False,True,False,True,device 2/2.png
C:\Users\k-12outreach\summercamp_josephyup\summer-workshop-josephyup\Augmented_Device_Images\device 2\2_1_aug_190.jpg,device 2/2_1_aug_190.jpg,device 2,Not-Damaged,device 2,True,,,False,True,False,True,device 2/2_1.png
C:\Users\k-12outreach\summercamp_josephyup\summer-workshop-josephyup\Augmented_Device_Images\device 2\3_aug_191.jpg,device 2/3_aug_191.jpg,device 2,Not-Damaged,device 2,True,,,False,True,False,True,device 2/3.png
C:\Users\k-12outreach\summercamp_josephyup\summer-workshop-josephyup\Augmented_Device_Images\device 2\3_1_aug_192.jpg,device 2/3_1_aug_192.jpg,device 2,Not-Damaged,device 2,True,,,False,True,False,True,device 2/3_1.png
C:\Users\k-12outreach\summercamp_josephyup\summer-workshop-josephyup\Augmented_Device_Images\device 2\1_aug_193.jpg,device 2/1_aug_193.jpg,device 2,Not-Damaged,device 2,True,,,False,True,False,True,device 2/1.png
C:\Users\k-12outreach\summercamp_josephyup\summer-workshop-josephyup\Augmented_Device_Images\device 2\1_1_aug_194.jpg,device 2/1_1_aug_194.jpg,device 2,Not-Damaged,device 2,True,,,False,True,False,True,device 2/1_1.png
C:\Users\k-12outreach\summercamp_josephyup\summer-workshop-josephyup\Augmented_Device_Images\device 2\2_aug_195.jpg,device 2/2_aug_195.jpg,device 2,Not-Damaged,device 2,True,,,False,True,False,True,device 2/2.png
C:\Users\k-12outreach\summercamp_josephyup\summer-workshop-josephyup\Augmented_Device_Images\device 2\2_1_aug_196.jpg,device 2/2_1_aug_196.jpg,device 2,Not-Damaged,device 2,True,,,False,True,False,True,device 2/2_1.png
C:\Users\k-12outreach\summercamp_josephyup\summer-workshop-josephyup\Augmented_Device_Images\device 2\3_aug_197.jpg,device 2/3_aug_197.jpg,device 2,Not-Damaged,device 2,True,,,False,True,False,True,device 2/3.png
C:\Users\k-12outreach\summercamp_josephyup\summer-workshop-josephyup\Augmented_Device_Images\device 2\3_1_aug_198.jpg,device 2/3_1_aug_198.jpg,device 2,Not-Damaged,device 2,True,,,False,True,False,True,device 2/3_1.png
C:\Users\k-12outreach\summercamp_josephyup\summer-workshop-josephyup\Augmented_Device_Images\device 2\1_aug_199.jpg,device 2/1_aug_199.jpg,device 2,Not-Damaged,device 2,True,,,False,True,False,True,device 2/1.png
C:\Users\k-12outreach\summercamp_josephyup\summer-workshop-josephyup\Augmented_Device_Images\device 2\1_1_aug_200.jpg,device 2/1_1_aug_200.jpg,device 2,Not-Damaged,device 2,True,,,False,True,False,True,device 2/1_1.png
C:\Users\k-12outreach\summercamp_josephyup\summer-workshop-josephyup\Augmented_Device_Images\device 2\2_aug_201.jpg,device 2/2_aug_201.jpg,device 2,Not-Damaged,device 2,True,,,False,True,False,True,device 2/2.png
C:\Users\k-12outreach\summercamp_josephyup\summer-workshop-josephyup\Augmented_Device_Images\device 2\2_1_aug_202.jpg,device 2/2_1_aug_202.jpg,device 2,Not-Damaged,device 2,True,,,False,True,False,True,device 2/2_1.png
C:\Users\k-12outreach\summercamp_josephyup\summer-workshop-josephyup\Augmented_Device_Images\device 2\3_aug_203.jpg,device 2/3_aug_203.jpg,device 2,Not-Damaged,device 2,True,,,False,True,False,True,device 2/3.png
C:\Users\k-12outreach\summercamp_josephyup\summer-workshop-josephyup\Augmented_Device_Images\device 2\3_1_aug_204.jpg,device 2/3_1_aug_204.jpg,device 2,Not-Damaged,device 2,True,,,False,True,False,True,device 2/3_1.png
C:\Users\k-12outreach\summercamp_josephyup\summer-workshop-josephyup\Augmented_Device_Images\device 2\1_aug_205.jpg,device 2/1_aug_205.jpg,device 2,Not-Damaged,device 2,True,,,False,True,False,True,device 2/1.png
C:\Users\k-12outreach\summercamp_josephyup\summer-workshop-josephyup\Augmented_Device_Images\device 2\1_1_aug_206.jpg,device 2/1_1_aug_206.jpg,device 2,Not-Damaged,device 2,True,,,False,True,False,True,device 2/1_1.png
C:\Users\k-12outreach\summercamp_josephyup\summer-workshop-josephyup\Augmented_Device_Images\device 2\2_aug_207.jpg,device 2/2_aug_207.jpg,device 2,Not-Damaged,device 2,True,,,False,True,False,True,device 2/2.png
C:\Users\k-12outreach\summercamp_josephyup\summer-workshop-josephyup\Augmented_Device_Images\device 2\2_1_aug_208.jpg,device 2/2_1_aug_208.jpg,device 2,Not-Damaged,device 2,True,,,False,True,False,True,device 2/2_1.png
C:\Users\k-12outreach\summercamp_josephyup\summer-workshop-josephyup\Augmented_Device_Images\device 2\3_aug_209.jpg,device 2/3_aug_209.jpg,device 2,Not-Damaged,device 2,True,,,False,True,False,True,device 2/3.png
C:\Users\k-12outreach\summercamp_josephyup\summer-workshop-josephyup\Augmented_Device_Images\device 2\3_1_aug_210.jpg,device 2/3_1_aug_210.jpg,device 2,Not-Damaged,device 2,True,,,False,True,False,True,device 2/3_1.png
C:\Users\k-12outreach\summercamp_josephyup\summer-workshop-josephyup\Augmented_Device_Images\device 2\1_aug_211.jpg,device 2/1_aug_211.jpg,device 2,Not-Damaged,device 2,True,,,False,True,False,True,device 2/1.png
C:\Users\k-12outreach\summercamp_josephyup\summer-workshop-josephyup\Augmented_Device_Images\device 2\1_1_aug_212.jpg,device 2/1_1_aug_212.jpg,device 2,Not-Damaged,device 2,True,,,False,True,False,True,device 2/1_1.png
C:\Users\k-12outreach\summercamp_josephyup\summer-workshop-josephyup\Augmented_Device_Images\device 2\2_aug_213.jpg,device 2/2_aug_213.jpg,device 2,Not-Damaged,device 2,True,,,False,True,False,True,device 2/2.png
C:\Users\k-12outreach\summercamp_josephyup\summer-workshop-josephyup\Augmented_Device_Images\device 2\2_1_aug_214.jpg,device 2/2_1_aug_214.jpg,device 2,Not-Damaged,device 2,True,,,False,True,False,True,device 2/2_1.png
C:\Users\k-12outreach\summercamp_josephyup\summer-workshop-josephyup\Augmented_Device_Images\device 2\3_aug_215.jpg,device 2/3_aug_215.jpg,device 2,Not-Damaged,device 2,True,,,False,True,False,True,device 2/3.png
C:\Users\k-12outreach\summercamp_josephyup\summer-workshop-josephyup\Augmented_Device_Images\device 2\3_1_aug_216.jpg,device 2/3_1_aug_216.jpg,device 2,Not-Damaged,device 2,True,,,False,True,False,True,device 2/3_1.png
C:\Users\k-12outreach\summercamp_josephyup\summer-workshop-josephyup\Augmented_Device_Images\device 2\1_aug_217.jpg,device 2/1_aug_217.jpg,device 2,Not-Damaged,device 2,True,,,False,True,False,True,device 2/1.png
C:\Users\k-12outreach\summercamp_josephyup\summer-workshop-josephyup\Augmented_Device_Images\device 2\1_1_aug_218.jpg,device 2/1_1_aug_218.jpg,device 2,Not-Damaged,device 2,True,,,False,True,False,True,device 2/1_1.png
C:\Users\k-12outreach\summercamp_josephyup\summer-workshop-josephyup\Augmented_Device_Images\device 2\2_aug_219.jpg,device 2/2_aug_219.jpg,device 2,Not-Damaged,device 2,True,,,False,True,False,True,device 2/2.png
C:\Users\k-12outreach\summercamp_josephyup\summer-workshop-josephyup\Augmented_Device_Images\device 2\2_1_aug_220.jpg,device 2/2_1_aug_220.jpg,device 2,Not-Damaged,device 2,True,,,False,True,False,True,device 2/2_1.png
C:\Users\k-12outreach\summercamp_josephyup\summer-workshop-josephyup\Augmented_Device_Images\device 2\3_aug_221.jpg,device 2/3_aug_221.jpg,device 2,Not-Damaged,device 2,True,,,False,True,False,True,device 2/3.png
C:\Users\k-12outreach\summercamp_josephyup\summer-workshop-josephyup\Augmented_Device_Images\device 2\3_1_aug_222.jpg,device 2/3_1_aug_222.jpg,device 2,Not-Damaged,device 2,True,,,False,True,False,True,device 2/3_1.png
C:\Users\k-12outreach\summercamp_josephyup\summer-workshop-josephyup\Augmented_Device_Images\device 2\1_aug_223.jpg,device 2/1_aug_223.jpg,device 2,Not-Damaged,device 2,True,,,False,True,False,True,device 2/1.png
C:\Users\k-12outreach\summercamp_josephyup\summer-workshop-josephyup\Augmented_Device_Images\device 2\1_1_aug_224.jpg,device 2/1_1_aug_224.jpg,device 2,Not-Damaged,device 2,True,,,False,True,False,True,device 2/1_1.png
C:\Users\k-12outreach\summercamp_josephyup\summer-workshop-josephyup\Augmented_Device_Images\device 2\2_aug_225.jpg,device 2/2_aug_225.jpg,device 2,Not-Damaged,device 2,True,,,False,True,False,True,device 2/2.png
C:\Users\k-12outreach\summercamp_josephyup\summer-workshop-josephyup\Augmented_Device_Images\device 2\2_1_aug_226.jpg,device 2/2_1_aug_226.jpg,device 2,Not-Damaged,device 2,True,,,False,True,False,True,device 2/2_1.png
C:\Users\k-12outreach\summercamp_josephyup\summer-workshop-josephyup\Augmented_Device_Images\device 2\3_aug_227.jpg,device 2/3_aug_227.jpg,device 2,Not-Damaged,device 2,True,,,False,True,False,True,device 2/3.png
C:\Users\k-12outreach\summercamp_josephyup\summer-workshop-josephyup\Augmented_Device_Images\device 2\3_1_aug_228.jpg,device 2/3_1_aug_228.jpg,device 2,Not-Damaged,device 2,True,,,False,True,False,True,device 2/3_1.png
C:\Users\k-12outreach\summercamp_josephyup\summer-workshop-josephyup\Augmented_Device_Images\device 2\1_aug_229.jpg,device 2/1_aug_229.jpg,device 2,Not-Damaged,device 2,True,,,False,True,False,True,device 2/1.png
C:\Users\k-12outreach\summercamp_josephyup\summer-workshop-josephyup\Augmented_Device_Images\device 2\1_1_aug_230.jpg,device 2/1_1_aug_230.jpg,device 2,Not-Damaged,device 2,True,,,False,True,False,True,device 2/1_1.png
C:\Users\k-12outreach\summercamp_josephyup\summer-workshop-josephyup\Augmented_Device_Images\device 2\2_aug_231.jpg,device 2/2_aug_231.jpg,device 2,Not-Damaged,device 2,True,,,False,True,False,True,device 2/2.png
C:\Users\k-12outreach\summercamp_josephyup\summer-workshop-josephyup\Augmented_Device_Images\device 2\2_1_aug_232.jpg,device 2/2_1_aug_232.jpg,device 2,Not-Damaged,device 2,True,,,False,True,False,True,device 2/2_1.png
C:\Users\k-12outreach\summercamp_josephyup\summer-workshop-josephyup\Augmented_Device_Images\device 2\3_aug_233.jpg,device 2/3_aug_233.jpg,device 2,Not-Damaged,device 2,True,,,False,True,False,True,device 2/3.png
C:\Users\k-12outreach\summercamp_josephyup\summer-workshop-josephyup\Augmented_Device_Images\device 2\3_1_aug_234.jpg,device 2/3_1_aug_234.jpg,device 2,Not-Damaged,device 2,True,,,False,True,False,True,device 2/3_1.png
C:\Users\k-12outreach\summercamp_josephyup\summer-workshop-josephyup\Augmented_Device_Images\device 2\1_aug_235.jpg,device 2/1_aug_235.jpg,device 2,Not-Damaged,device 2,True,,,False,True,False,True,device 2/1.png
C:\Users\k-12outreach\summercamp_josephyup\summer-workshop-josephyup\Augmented_Device_Images\device 2\1_1_aug_236.jpg,device 2/1_1_aug_236.jpg,device 2,Not-Damaged,device 2,True,,,False,True,False,True,device 2/1_1.png
C:\Users\k-12outreach\summercamp_josephyup\summer-workshop-josephyup\Augmented_Device_Images\device 2\2_aug_237.jpg,device 2/2_aug_237.jpg,device 2,Not-Damaged,device 2,True,,,False,True,False,True,device 2/2.png
C:\Users\k-12outreach\summercamp_josephyup\summer-workshop-josephyup\Augmented_Device_Images\device 2\2_1_aug_238.jpg,device 2/2_1_aug_238.jpg,device 2,Not-Damaged,device 2,True,,,False,True,False,True,device 2/2_1.png
C:\Users\k-12outreach\summercamp_josephyup\summer-workshop-josephyup\Augmented_Device_Images\device 2\3_aug_239.jpg,device 2/3_aug_239.jpg,device 2,Not-Damaged,device 2,True,,,False,True,False,True,device 2/3.png
C:\Users\k-12outreach\summercamp_josephyup\summer-workshop-josephyup\Augmented_Device_Images\device 2\3_1_aug_240.jpg,device 2/3_1_aug_240.jpg,device 2,Not-Damaged,device 2,True,,,False,True,False,True,device 2/3_1.png
C:\Users\k-12outreach\summercamp_josephyup\summer-workshop-josephyup\Augmented_Device_Images\device 2\1_aug_241.jpg,device 2/1_aug_241.jpg,device 2,Not-Damaged,device 2,True,,,False,True,False,True,device 2/1.png
C:\Users\k-12outreach\summercamp_josephyup\summer-workshop-josephyup\Augmented_Device_Images\device 2\1_1_aug_242.jpg,device 2/1_1_aug_242.jpg,device 2,Not-Damaged,device 2,True,,,False,True,False,True,device 2/1_1.png
C:\Users\k-12outreach\summercamp_josephyup\summer-workshop-josephyup\Augmented_Device_Images\device 2\2_aug_243.jpg,device 2/2_aug_243.jpg,device 2,Not-Damaged,device 2,True,,,False,True,False,True,device 2/2.png
C:\Users\k-12outreach\summercamp_josephyup\summer-workshop-josephyup\Augmented_Device_Images\device 2\2_1_aug_244.jpg,device 2/2_1_aug_244.jpg,device 2,Not-Damaged,device 2,True,,,False,True,False,True,device 2/2_1.png
C:\Users\k-12outreach\summercamp_josephyup\summer-workshop-josephyup\Augmented_Device_Images\device1\1_aug_001.jpg,device1/1_aug_001.jpg,device1,Not-Damaged,device1,True,,,False,True,False,True,device1/1.png
C:\Users\k-12outreach\summercamp_josephyup\summer-workshop-josephyup\Augmented_Device_Images\device1\2_aug_002.jpg,device1/2_aug_002.jpg,device1,Not-Damaged,device1,True,,,False,True,False,True,device1/2.png
C:\Users\k-12outreach\summercamp_josephyup\summer-workshop-josephyup\Augmented_Device_Images\device1\1_aug_003.jpg,device1/1_aug_003.jpg,device1,Not-Damaged,device1,True,,,False,True,False,True,device1/1.png
C:\Users\k-12outreach\summercamp_josephyup\summer-workshop-josephyup\Augmented_Device_Images\device1\2_aug_004.jpg,device1/2_aug_004.jpg,device1,Not-Damaged,device1,True,,,False,True,False,True,device1/2.png
C:\Users\k-12outreach\summercamp_josephyup\summer-workshop-josephyup\Augmented_Device_Images\device1\1_aug_005.jpg,device1/1_aug_005.jpg,device1,Not-Damaged,device1,True,,,False,True,False,True,device1/1.png
C:\Users\k-12outreach\summercamp_josephyup\summer-workshop-josephyup\Augmented_Device_Images\device1\2_aug_006.jpg,device1/2_aug_006.jpg,device1,Not-Damaged,device1,True,,,False,True,False,True,device1/2.png
C:\Users\k-12outreach\summercamp_josephyup\summer-workshop-josephyup\Augmented_Device_Images\device1\1_aug_007.jpg,device1/1_aug_007.jpg,device1,Not-Damaged,device1,True,,,False,True,False,True,device1/1.png
C:\Users\k-12outreach\summercamp_josephyup\summer-workshop-josephyup\Augmented_Device_Images\device1\2_aug_008.jpg,device1/2_aug_008.jpg,device1,Not-Damaged,device1,True,,,False,True,False,True,device1/2.png
C:\Users\k-12outreach\summercamp_josephyup\summer-workshop-josephyup\Augmented_Device_Images\device1\1_aug_009.jpg,device1/1_aug_009.jpg,device1,Not-Damaged,device1,True,,,False,True,False,True,device1/1.png
C:\Users\k-12outreach\summercamp_josephyup\summer-workshop-josephyup\Augmented_Device_Images\device1\2_aug_010.jpg,device1/2_aug_010.jpg,device1,Not-Damaged,device1,True,,,False,True,False,True,device1/2.png
C:\Users\k-12outreach\summercamp_josephyup\summer-workshop-josephyup\Augmented_Device_Images\device1\1_aug_011.jpg,device1/1_aug_011.jpg,device1,Not-Damaged,device1,True,,,False,True,False,True,device1/1.png
C:\Users\k-12outreach\summercamp_josephyup\summer-workshop-josephyup\Augmented_Device_Images\device1\2_aug_012.jpg,device1/2_aug_012.jpg,device1,Not-Damaged,device1,True,,,False,True,False,True,device1/2.png
C:\Users\k-12outreach\summercamp_josephyup\summer-workshop-josephyup\Augmented_Device_Images\device1\1_aug_013.jpg,device1/1_aug_013.jpg,device1,Not-Damaged,device1,True,,,False,True,False,True,device1/1.png
C:\Users\k-12outreach\summercamp_josephyup\summer-workshop-josephyup\Augmented_Device_Images\device1\2_aug_014.jpg,device1/2_aug_014.jpg,device1,Not-Damaged,device1,True,,,False,True,False,True,device1/2.png
C:\Users\k-12outreach\summercamp_josephyup\summer-workshop-josephyup\Augmented_Device_Images\device1\1_aug_015.jpg,device1/1_aug_015.jpg,device1,Not-Damaged,device1,True,,,False,True,False,True,device1/1.png
C:\Users\k-12outreach\summercamp_josephyup\summer-workshop-josephyup\Augmented_Device_Images\device1\2_aug_016.jpg,device1/2_aug_016.jpg,device1,Not-Damaged,device1,True,,,False,True,False,True,device1/2.png
C:\Users\k-12outreach\summercamp_josephyup\summer-workshop-josephyup\Augmented_Device_Images\device1\1_aug_017.jpg,device1/1_aug_017.jpg,device1,Not-Damaged,device1,True,,,False,True,False,True,device1/1.png
C:\Users\k-12outreach\summercamp_josephyup\summer-workshop-josephyup\Augmented_Device_Images\device1\2_aug_018.jpg,device1/2_aug_018.jpg,device1,Not-Damaged,device1,True,,,False,True,False,True,device1/2.png
C:\Users\k-12outreach\summercamp_josephyup\summer-workshop-josephyup\Augmented_Device_Images\device1\1_aug_019.jpg,device1/1_aug_019.jpg,device1,Not-Damaged,device1,True,,,False,True,False,True,device1/1.png
C:\Users\k-12outreach\summercamp_josephyup\summer-workshop-josephyup\Augmented_Device_Images\device1\2_aug_020.jpg,device1/2_aug_020.jpg,device1,Not-Damaged,device1,True,,,False,True,False,True,device1/2.png
C:\Users\k-12outreach\summercamp_josephyup\summer-workshop-josephyup\Augmented_Device_Images\device1\1_aug_021.jpg,device1/1_aug_021.jpg,device1,Not-Damaged,device1,True,,,False,True,False,True,device1/1.png
C:\Users\k-12outreach\summercamp_josephyup\summer-workshop-josephyup\Augmented_Device_Images\device1\2_aug_022.jpg,device1/2_aug_022.jpg,device1,Not-Damaged,device1,True,,,False,True,False,True,device1/2.png
C:\Users\k-12outreach\summercamp_josephyup\summer-workshop-josephyup\Augmented_Device_Images\device1\1_aug_023.jpg,device1/1_aug_023.jpg,device1,Not-Damaged,device1,True,,,False,True,False,True,device1/1.png
C:\Users\k-12outreach\summercamp_josephyup\summer-workshop-josephyup\Augmented_Device_Images\device1\2_aug_024.jpg,device1/2_aug_024.jpg,device1,Not-Damaged,device1,True,,,False,True,False,True,device1/2.png
C:\Users\k-12outreach\summercamp_josephyup\summer-workshop-josephyup\Augmented_Device_Images\device1\1_aug_025.jpg,device1/1_aug_025.jpg,device1,Not-Damaged,device1,True,,,False,True,False,True,device1/1.png
C:\Users\k-12outreach\summercamp_josephyup\summer-workshop-josephyup\Augmented_Device_Images\device1\2_aug_026.jpg,device1/2_aug_026.jpg,device1,Not-Damaged,device1,True,,,False,True,False,True,device1/2.png
C:\Users\k-12outreach\summercamp_josephyup\summer-workshop-josephyup\Augmented_Device_Images\device1\1_aug_027.jpg,device1/1_aug_027.jpg,device1,Not-Damaged,device1,True,,,False,True,False,True,device1/1.png
C:\Users\k-12outreach\summercamp_josephyup\summer-workshop-josephyup\Augmented_Device_Images\device1\2_aug_028.jpg,device1/2_aug_028.jpg,device1,Not-Damaged,device1,True,,,False,True,False,True,device1/2.png
C:\Users\k-12outreach\summercamp_josephyup\summer-workshop-josephyup\Augmented_Device_Images\device1\1_aug_029.jpg,device1/1_aug_029.jpg,device1,Not-Damaged,device1,True,,,False,True,False,True,device1/1.png
C:\Users\k-12outreach\summercamp_josephyup\summer-workshop-josephyup\Augmented_Device_Images\device1\2_aug_030.jpg,device1/2_aug_030.jpg,device1,Not-Damaged,device1,True,,,False,True,False,True,device1/2.png
C:\Users\k-12outreach\summercamp_josephyup\summer-workshop-josephyup\Augmented_Device_Images\device1\1_aug_031.jpg,device1/1_aug_031.jpg,device1,Not-Damaged,device1,True,,,False,True,False,True,device1/1.png
C:\Users\k-12outreach\summercamp_josephyup\summer-workshop-josephyup\Augmented_Device_Images\device1\2_aug_032.jpg,device1/2_aug_032.jpg,device1,Not-Damaged,device1,True,,,False,True,False,True,device1/2.png
C:\Users\k-12outreach\summercamp_josephyup\summer-workshop-josephyup\Augmented_Device_Images\device1\1_aug_033.jpg,device1/1_aug_033.jpg,device1,Not-Damaged,device1,True,,,False,True,False,True,device1/1.png
C:\Users\k-12outreach\summercamp_josephyup\summer-workshop-josephyup\Augmented_Device_Images\device1\2_aug_034.jpg,device1/2_aug_034.jpg,device1,Not-Damaged,device1,True,,,False,True,False,True,device1/2.png
C:\Users\k-12outreach\summercamp_josephyup\summer-workshop-josephyup\Augmented_Device_Images\device1\1_aug_035.jpg,device1/1_aug_035.jpg,device1,Not-Damaged,device1,True,,,False,True,False,True,device1/1.png
C:\Users\k-12outreach\summercamp_josephyup\summer-workshop-josephyup\Augmented_Device_Images\device1\2_aug_036.jpg,device1/2_aug_036.jpg,device1,Not-Damaged,device1,True,,,False,True,False,True,device1/2.png
C:\Users\k-12outreach\summercamp_josephyup\summer-workshop-josephyup\Augmented_Device_Images\device1\1_aug_037.jpg,device1/1_aug_037.jpg,device1,Not-Damaged,device1,True,,,False,True,False,True,device1/1.png
C:\Users\k-12outreach\summercamp_josephyup\summer-workshop-josephyup\Augmented_Device_Images\device1\2_aug_038.jpg,device1/2_aug_038.jpg,device1,Not-Damaged,device1,True,,,False,True,False,True,device1/2.png
C:\Users\k-12outreach\summercamp_josephyup\summer-workshop-josephyup\Augmented_Device_Images\device1\1_aug_039.jpg,device1/1_aug_039.jpg,device1,Not-Damaged,device1,True,,,False,True,False,True,device1/1.png
C:\Users\k-12outreach\summercamp_josephyup\summer-workshop-josephyup\Augmented_Device_Images\device1\2_aug_040.jpg,device1/2_aug_040.jpg,device1,Not-Damaged,device1,True,,,False,True,False,True,device1/2.png
C:\Users\k-12outreach\summercamp_josephyup\summer-workshop-josephyup\Augmented_Device_Images\device1\1_aug_041.jpg,device1/1_aug_041.jpg,device1,Not-Damaged,device1,True,,,False,True,False,True,device1/1.png
C:\Users\k-12outreach\summercamp_josephyup\summer-workshop-josephyup\Augmented_Device_Images\device1\2_aug_042.jpg,device1/2_aug_042.jpg,device1,Not-Damaged,device1,True,,,False,True,False,True,device1/2.png
C:\Users\k-12outreach\summercamp_josephyup\summer-workshop-josephyup\Augmented_Device_Images\device1\1_aug_043.jpg,device1/1_aug_043.jpg,device1,Not-Damaged,device1,True,,,False,True,False,True,device1/1.png
C:\Users\k-12outreach\summercamp_josephyup\summer-workshop-josephyup\Augmented_Device_Images\device1\2_aug_044.jpg,device1/2_aug_044.jpg,device1,Not-Damaged,device1,True,,,False,True,False,True,device1/2.png
C:\Users\k-12outreach\summercamp_josephyup\summer-workshop-josephyup\Augmented_Device_Images\device1\1_aug_045.jpg,device1/1_aug_045.jpg,device1,Not-Damaged,device1,True,,,False,True,False,True,device1/1.png
C:\Users\k-12outreach\summercamp_josephyup\summer-workshop-josephyup\Augmented_Device_Images\device1\2_aug_046.jpg,device1/2_aug_046.jpg,device1,Not-Damaged,device1,True,,,False,True,False,True,device1/2.png
C:\Users\k-12outreach\summercamp_josephyup\summer-workshop-josephyup\Augmented_Device_Images\device1\1_aug_047.jpg,device1/1_aug_047.jpg,device1,Not-Damaged,device1,True,,,False,True,False,True,device1/1.png
C:\Users\k-12outreach\summercamp_josephyup\summer-workshop-josephyup\Augmented_Device_Images\device1\2_aug_048.jpg,device1/2_aug_048.jpg,device1,Not-Damaged,device1,True,,,False,True,False,True,device1/2.png
C:\Users\k-12outreach\summercamp_josephyup\summer-workshop-josephyup\Augmented_Device_Images\device1\1_aug_049.jpg,device1/1_aug_049.jpg,device1,Not-Damaged,device1,True,,,False,True,False,True,device1/1.png
C:\Users\k-12outreach\summercamp_josephyup\summer-workshop-josephyup\Augmented_Device_Images\device1\2_aug_050.jpg,device1/2_aug_050.jpg,device1,Not-Damaged,device1,True,,,False,True,False,True,device1/2.png
C:\Users\k-12outreach\summercamp_josephyup\summer-workshop-josephyup\Augmented_Device_Images\device1\1_aug_051.jpg,device1/1_aug_051.jpg,device1,Not-Damaged,device1,True,,,False,True,False,True,device1/1.png
C:\Users\k-12outreach\summercamp_josephyup\summer-workshop-josephyup\Augmented_Device_Images\device1\2_aug_052.jpg,device1/2_aug_052.jpg,device1,Not-Damaged,device1,True,,,False,True,False,True,device1/2.png
C:\Users\k-12outreach\summercamp_josephyup\summer-workshop-josephyup\Augmented_Device_Images\device1\1_aug_053.jpg,device1/1_aug_053.jpg,device1,Not-Damaged,device1,True,,,False,True,False,True,device1/1.png
C:\Users\k-12outreach\summercamp_josephyup\summer-workshop-josephyup\Augmented_Device_Images\device1\2_aug_054.jpg,device1/2_aug_054.jpg,device1,Not-Damaged,device1,True,,,False,True,False,True,device1/2.png
C:\Users\k-12outreach\summercamp_josephyup\summer-workshop-josephyup\Augmented_Device_Images\device1\1_aug_055.jpg,device1/1_aug_055.jpg,device1,Not-Damaged,device1,True,,,False,True,False,True,device1/1.png
C:\Users\k-12outreach\summercamp_josephyup\summer-workshop-josephyup\Augmented_Device_Images\device1\2_aug_056.jpg,device1/2_aug_056.jpg,device1,Not-Damaged,device1,True,,,False,True,False,True,device1/2.png
C:\Users\k-12outreach\summercamp_josephyup\summer-workshop-josephyup\Augmented_Device_Images\device1\1_aug_057.jpg,device1/1_aug_057.jpg,device1,Not-Damaged,device1,True,,,False,True,False,True,device1/1.png
C:\Users\k-12outreach\summercamp_josephyup\summer-workshop-josephyup\Augmented_Device_Images\device1\2_aug_058.jpg,device1/2_aug_058.jpg,device1,Not-Damaged,device1,True,,,False,True,False,True,device1/2.png
C:\Users\k-12outreach\summercamp_josephyup\summer-workshop-josephyup\Augmented_Device_Images\device1\1_aug_059.jpg,device1/1_aug_059.jpg,device1,Not-Damaged,device1,True,,,False,True,False,True,device1/1.png
C:\Users\k-12outreach\summercamp_josephyup\summer-workshop-josephyup\Augmented_Device_Images\device1\2_aug_060.jpg,device1/2_aug_060.jpg,device1,Not-Damaged,device1,True,,,False,True,False,True,device1/2.png
C:\Users\k-12outreach\summercamp_josephyup\summer-workshop-josephyup\Augmented_Device_Images\device1\1_aug_061.jpg,device1/1_aug_061.jpg,device1,Not-Damaged,device1,True,,,False,True,False,True,device1/1.png
C:\Users\k-12outreach\summercamp_josephyup\summer-workshop-josephyup\Augmented_Device_Images\device1\2_aug_062.jpg,device1/2_aug_062.jpg,device1,Not-Damaged,device1,True,,,False,True,False,True,device1/2.png
C:\Users\k-12outreach\summercamp_josephyup\summer-workshop-josephyup\Augmented_Device_Images\device1\1_aug_063.jpg,device1/1_aug_063.jpg,device1,Not-Damaged,device1,True,,,False,True,False,True,device1/1.png
C:\Users\k-12outreach\summercamp_josephyup\summer-workshop-josephyup\Augmented_Device_Images\device1\2_aug_064.jpg,device1/2_aug_064.jpg,device1,Not-Damaged,device1,True,,,False,True,False,True,device1/2.png
C:\Users\k-12outreach\summercamp_josephyup\summer-workshop-josephyup\Augmented_Device_Images\device1\1_aug_065.jpg,device1/1_aug_065.jpg,device1,Not-Damaged,device1,True,,,False,True,False,True,device1/1.png
C:\Users\k-12outreach\summercamp_josephyup\summer-workshop-josephyup\Augmented_Device_Images\device1\2_aug_066.jpg,device1/2_aug_066.jpg,device1,Not-Damaged,device1,True,,,False,True,False,True,device1/2.png
C:\Users\k-12outreach\summercamp_josephyup\summer-workshop-josephyup\Augmented_Device_Images\device1\1_aug_067.jpg,device1/1_aug_067.jpg,device1,Not-Damaged,device1,True,,,False,True,False,True,device1/1.png
C:\Users\k-12outreach\summercamp_josephyup\summer-workshop-josephyup\Augmented_Device_Images\device1\2_aug_068.jpg,device1/2_aug_068.jpg,device1,Not-Damaged,device1,True,,,False,True,False,True,device1/2.png
C:\Users\k-12outreach\summercamp_josephyup\summer-workshop-josephyup\Augmented_Device_Images\device1\1_aug_069.jpg,device1/1_aug_069.jpg,device1,Not-Damaged,device1,True,,,False,True,False,True,device1/1.png
C:\Users\k-12outreach\summercamp_josephyup\summer-workshop-josephyup\Augmented_Device_Images\device1\2_aug_070.jpg,device1/2_aug_070.jpg,device1,Not-Damaged,device1,True,,,False,True,False,True,device1/2.png
C:\Users\k-12outreach\summercamp_josephyup\summer-workshop-josephyup\Augmented_Device_Images\device1\1_aug_071.jpg,device1/1_aug_071.jpg,device1,Not-Damaged,device1,True,,,False,True,False,True,device1/1.png
C:\Users\k-12outreach\summercamp_josephyup\summer-workshop-josephyup\Augmented_Device_Images\device1\2_aug_072.jpg,device1/2_aug_072.jpg,device1,Not-Damaged,device1,True,,,False,True,False,True,device1/2.png
C:\Users\k-12outreach\summercamp_josephyup\summer-workshop-josephyup\Augmented_Device_Images\device1\1_aug_073.jpg,device1/1_aug_073.jpg,device1,Not-Damaged,device1,True,,,False,True,False,True,device1/1.png
C:\Users\k-12outreach\summercamp_josephyup\summer-workshop-josephyup\Augmented_Device_Images\device1\2_aug_074.jpg,device1/2_aug_074.jpg,device1,Not-Damaged,device1,True,,,False,True,False,True,device1/2.png
C:\Users\k-12outreach\summercamp_josephyup\summer-workshop-josephyup\Augmented_Device_Images\device1\1_aug_075.jpg,device1/1_aug_075.jpg,device1,Not-Damaged,device1,True,,,False,True,False,True,device1/1.png
C:\Users\k-12outreach\summercamp_josephyup\summer-workshop-josephyup\Augmented_Device_Images\device1\2_aug_076.jpg,device1/2_aug_076.jpg,device1,Not-Damaged,device1,True,,,False,True,False,True,device1/2.png
C:\Users\k-12outreach\summercamp_josephyup\summer-workshop-josephyup\Augmented_Device_Images\device1\1_aug_077.jpg,device1/1_aug_077.jpg,device1,Not-Damaged,device1,True,,,False,True,False,True,device1/1.png
C:\Users\k-12outreach\summercamp_josephyup\summer-workshop-josephyup\Augmented_Device_Images\device1\2_aug_078.jpg,device1/2_aug_078.jpg,device1,Not-Damaged,device1,True,,,False,True,False,True,device1/2.png
C:\Users\k-12outreach\summercamp_josephyup\summer-workshop-josephyup\Augmented_Device_Images\device1\1_aug_079.jpg,device1/1_aug_079.jpg,device1,Not-Damaged,device1,True,,,False,True,False,True,device1/1.png
C:\Users\k-12outreach\summercamp_josephyup\summer-workshop-josephyup\Augmented_Device_Images\device1\2_aug_080.jpg,device1/2_aug_080.jpg,device1,Not-Damaged,device1,True,,,False,True,False,True,device1/2.png
C:\Users\k-12outreach\summercamp_josephyup\summer-workshop-josephyup\Augmented_Device_Images\device1\1_aug_081.jpg,device1/1_aug_081.jpg,device1,Not-Damaged,device1,True,,,False,True,False,True,device1/1.png
C:\Users\k-12outreach\summercamp_josephyup\summer-workshop-josephyup\Augmented_Device_Images\device1\2_aug_082.jpg,device1/2_aug_082.jpg,device1,Not-Damaged,device1,True,,,False,True,False,True,device1/2.png
C:\Users\k-12outreach\summercamp_josephyup\summer-workshop-josephyup\Augmented_Device_Images\device1\1_aug_083.jpg,device1/1_aug_083.jpg,device1,Not-Damaged,device1,True,,,False,True,False,True,device1/1.png
C:\Users\k-12outreach\summercamp_josephyup\summer-workshop-josephyup\Augmented_Device_Images\device1\2_aug_084.jpg,device1/2_aug_084.jpg,device1,Not-Damaged,device1,True,,,False,True,False,True,device1/2.png
C:\Users\k-12outreach\summercamp_josephyup\summer-workshop-josephyup\Augmented_Device_Images\device1\1_aug_085.jpg,device1/1_aug_085.jpg,device1,Not-Damaged,device1,True,,,False,True,False,True,device1/1.png
C:\Users\k-12outreach\summercamp_josephyup\summer-workshop-josephyup\Augmented_Device_Images\device1\2_aug_086.jpg,device1/2_aug_086.jpg,device1,Not-Damaged,device1,True,,,False,True,False,True,device1/2.png
C:\Users\k-12outreach\summercamp_josephyup\summer-workshop-josephyup\Augmented_Device_Images\device1\1_aug_087.jpg,device1/1_aug_087.jpg,device1,Not-Damaged,device1,True,,,False,True,False,True,device1/1.png
C:\Users\k-12outreach\summercamp_josephyup\summer-workshop-josephyup\Augmented_Device_Images\device1\2_aug_088.jpg,device1/2_aug_088.jpg,device1,Not-Damaged,device1,True,,,False,True,False,True,device1/2.png
C:\Users\k-12outreach\summercamp_josephyup\summer-workshop-josephyup\Augmented_Device_Images\device1\1_aug_089.jpg,device1/1_aug_089.jpg,device1,Not-Damaged,device1,True,,,False,True,False,True,device1/1.png
C:\Users\k-12outreach\summercamp_josephyup\summer-workshop-josephyup\Augmented_Device_Images\device1\2_aug_090.jpg,device1/2_aug_090.jpg,device1,Not-Damaged,device1,True,,,False,True,False,True,device1/2.png
C:\Users\k-12outreach\summercamp_josephyup\summer-workshop-josephyup\Augmented_Device_Images\device1\1_aug_091.jpg,device1/1_aug_091.jpg,device1,Not-Damaged,device1,True,,,False,True,False,True,device1/1.png
C:\Users\k-12outreach\summercamp_josephyup\summer-workshop-josephyup\Augmented_Device_Images\device1\2_aug_092.jpg,device1/2_aug_092.jpg,device1,Not-Damaged,device1,True,,,False,True,False,True,device1/2.png
C:\Users\k-12outreach\summercamp_josephyup\summer-workshop-josephyup\Augmented_Device_Images\device1\1_aug_093.jpg,device1/1_aug_093.jpg,device1,Not-Damaged,device1,True,,,False,True,False,True,device1/1.png
C:\Users\k-12outreach\summercamp_josephyup\summer-workshop-josephyup\Augmented_Device_Images\device1\2_aug_094.jpg,device1/2_aug_094.jpg,device1,Not-Damaged,device1,True,,,False,True,False,True,device1/2.png
C:\Users\k-12outreach\summercamp_josephyup\summer-workshop-josephyup\Augmented_Device_Images\device1\1_aug_095.jpg,device1/1_aug_095.jpg,device1,Not-Damaged,device1,True,,,False,True,False,True,device1/1.png
C:\Users\k-12outreach\summercamp_josephyup\summer-workshop-josephyup\Augmented_Device_Images\device1\2_aug_096.jpg,device1/2_aug_096.jpg,device1,Not-Damaged,device1,True,,,False,True,False,True,device1/2.png
C:\Users\k-12outreach\summercamp_josephyup\summer-workshop-josephyup\Augmented_Device_Images\device1\1_aug_097.jpg,device1/1_aug_097.jpg,device1,Not-Damaged,device1,True,,,False,True,False,True,device1/1.png
C:\Users\k-12outreach\summercamp_josephyup\summer-workshop-josephyup\Augmented_Device_Images\device1\2_aug_098.jpg,device1/2_aug_098.jpg,device1,Not-Damaged,device1,True,,,False,True,False,True,device1/2.png
C:\Users\k-12outreach\summercamp_josephyup\summer-workshop-josephyup\Augmented_Device_Images\device1\1_aug_099.jpg,device1/1_aug_099.jpg,device1,Not-Damaged,device1,True,,,False,True,False,True,device1/1.png
C:\Users\k-12outreach\summercamp_josephyup\summer-workshop-josephyup\Augmented_Device_Images\device1\2_aug_100.jpg,device1/2_aug_100.jpg,device1,Not-Damaged,device1,True,,,False,True,False,True,device1/2.png
C:\Users\k-12outreach\summercamp_josephyup\summer-workshop-josephyup\Augmented_Device_Images\device1\1_aug_101.jpg,device1/1_aug_101.jpg,device1,Not-Damaged,device1,True,,,False,True,False,True,device1/1.png
C:\Users\k-12outreach\summercamp_josephyup\summer-workshop-josephyup\Augmented_Device_Images\device1\2_aug_102.jpg,device1/2_aug_102.jpg,device1,Not-Damaged,device1,True,,,False,True,False,True,device1/2.png
C:\Users\k-12outreach\summercamp_josephyup\summer-workshop-josephyup\Augmented_Device_Images\device1\1_aug_103.jpg,device1/1_aug_103.jpg,device1,Not-Damaged,device1,True,,,False,True,False,True,device1/1.png
C:\Users\k-12outreach\summercamp_josephyup\summer-workshop-josephyup\Augmented_Device_Images\device1\2_aug_104.jpg,device1/2_aug_104.jpg,device1,Not-Damaged,device1,True,,,False,True,False,True,device1/2.png
C:\Users\k-12outreach\summercamp_josephyup\summer-workshop-josephyup\Augmented_Device_Images\device1\1_aug_105.jpg,device1/1_aug_105.jpg,device1,Not-Damaged,device1,True,,,False,True,False,True,device1/1.png
C:\Users\k-12outreach\summercamp_josephyup\summer-workshop-josephyup\Augmented_Device_Images\device1\2_aug_106.jpg,device1/2_aug_106.jpg,device1,Not-Damaged,device1,True,,,False,True,False,True,device1/2.png
C:\Users\k-12outreach\summercamp_josephyup\summer-workshop-josephyup\Augmented_Device_Images\device1\1_aug_107.jpg,device1/1_aug_107.jpg,device1,Not-Damaged,device1,True,,,False,True,False,True,device1/1.png
C:\Users\k-12outreach\summercamp_josephyup\summer-workshop-josephyup\Augmented_Device_Images\device1\2_aug_108.jpg,device1/2_aug_108.jpg,device1,Not-Damaged,device1,True,,,False,True,False,True,device1/2.png
C:\Users\k-12outreach\summercamp_josephyup\summer-workshop-josephyup\Augmented_Device_Images\device1\1_aug_109.jpg,device1/1_aug_109.jpg,device1,Not-Damaged,device1,True,,,False,True,False,True,device1/1.png
C:\Users\k-12outreach\summercamp_josephyup\summer-workshop-josephyup\Augmented_Device_Images\device1\2_aug_110.jpg,device1/2_aug_110.jpg,device1,Not-Damaged,device1,True,,,False,True,False,True,device1/2.png
C:\Users\k-12outreach\summercamp_josephyup\summer-workshop-josephyup\Augmented_Device_Images\device1\1_aug_111.jpg,device1/1_aug_111.jpg,device1,Not-Damaged,device1,True,,,False,True,False,True,device1/1.png
C:\Users\k-12outreach\summercamp_josephyup\summer-workshop-josephyup\Augmented_Device_Images\device1\2_aug_112.jpg,device1/2_aug_112.jpg,device1,Not-Damaged,device1,True,,,False,True,False,True,device1/2.png
C:\Users\k-12outreach\summercamp_josephyup\summer-workshop-josephyup\Augmented_Device_Images\device1\1_aug_113.jpg,device1/1_aug_113.jpg,device1,Not-Damaged,device1,True,,,False,True,False,True,device1/1.png
C:\Users\k-12outreach\summercamp_josephyup\summer-workshop-josephyup\Augmented_Device_Images\device1\2_aug_114.jpg,device1/2_aug_114.jpg,device1,Not-Damaged,device1,True,,,False,True,False,True,device1/2.png
C:\Users\k-12outreach\summercamp_josephyup\summer-workshop-josephyup\Augmented_Device_Images\device1\1_aug_115.jpg,device1/1_aug_115.jpg,device1,Not-Damaged,device1,True,,,False,True,False,True,device1/1.png
C:\Users\k-12outreach\summercamp_josephyup\summer-workshop-josephyup\Augmented_Device_Images\device1\2_aug_116.jpg,device1/2_aug_116.jpg,device1,Not-Damaged,device1,True,,,False,True,False,True,device1/2.png
C:\Users\k-12outreach\summercamp_josephyup\summer-workshop-josephyup\Augmented_Device_Images\device1\1_aug_117.jpg,device1/1_aug_117.jpg,device1,Not-Damaged,device1,True,,,False,True,False,True,device1/1.png
C:\Users\k-12outreach\summercamp_josephyup\summer-workshop-josephyup\Augmented_Device_Images\device1\2_aug_118.jpg,device1/2_aug_118.jpg,device1,Not-Damaged,device1,True,,,False,True,False,True,device1/2.png
C:\Users\k-12outreach\summercamp_josephyup\summer-workshop-josephyup\Augmented_Device_Images\device1\1_aug_119.jpg,device1/1_aug_119.jpg,device1,Not-Damaged,device1,True,,,False,True,False,True,device1/1.png
C:\Users\k-12outreach\summercamp_josephyup\summer-workshop-josephyup\Augmented_Device_Images\device1\2_aug_120.jpg,device1/2_aug_120.jpg,device1,Not-Damaged,device1,True,,,False,True,False,True,device1/2.png
C:\Users\k-12outreach\summercamp_josephyup\summer-workshop-josephyup\Augmented_Device_Images\device1\1_aug_121.jpg,device1/1_aug_121.jpg,device1,Not-Damaged,device1,True,,,False,True,False,True,device1/1.png
C:\Users\k-12outreach\summercamp_josephyup\summer-workshop-josephyup\Augmented_Device_Images\device1\2_aug_122.jpg,device1/2_aug_122.jpg,device1,Not-Damaged,device1,True,,,False,True,False,True,device1/2.png
C:\Users\k-12outreach\summercamp_josephyup\summer-workshop-josephyup\Augmented_Device_Images\device1\1_aug_123.jpg,device1/1_aug_123.jpg,device1,Not-Damaged,device1,True,,,False,True,False,True,device1/1.png
C:\Users\k-12outreach\summercamp_josephyup\summer-workshop-josephyup\Augmented_Device_Images\device1\2_aug_124.jpg,device1/2_aug_124.jpg,device1,Not-Damaged,device1,True,,,False,True,False,True,device1/2.png
C:\Users\k-12outreach\summercamp_josephyup\summer-workshop-josephyup\Augmented_Device_Images\device1\1_aug_125.jpg,device1/1_aug_125.jpg,device1,Not-Damaged,device1,True,,,False,True,False,True,device1/1.png
C:\Users\k-12outreach\summercamp_josephyup\summer-workshop-josephyup\Augmented_Device_Images\device1\2_aug_126.jpg,device1/2_aug_126.jpg,device1,Not-Damaged,device1,True,,,False,True,False,True,device1/2.png
C:\Users\k-12outreach\summercamp_josephyup\summer-workshop-josephyup\Augmented_Device_Images\device1\1_aug_127.jpg,device1/1_aug_127.jpg,device1,Not-Damaged,device1,True,,,False,True,False,True,device1/1.png
C:\Users\k-12outreach\summercamp_josephyup\summer-workshop-josephyup\Augmented_Device_Images\device1\2_aug_128.jpg,device1/2_aug_128.jpg,device1,Not-Damaged,device1,True,,,False,True,False,True,device1/2.png
C:\Users\k-12outreach\summercamp_josephyup\summer-workshop-josephyup\Augmented_Device_Images\device1\1_aug_129.jpg,device1/1_aug_129.jpg,device1,Not-Damaged,device1,True,,,False,True,False,True,device1/1.png
C:\Users\k-12outreach\summercamp_josephyup\summer-workshop-josephyup\Augmented_Device_Images\device1\2_aug_130.jpg,device1/2_aug_130.jpg,device1,Not-Damaged,device1,True,,,False,True,False,True,device1/2.png
C:\Users\k-12outreach\summercamp_josephyup\summer-workshop-josephyup\Augmented_Device_Images\device1\1_aug_131.jpg,device1/1_aug_131.jpg,device1,Not-Damaged,device1,True,,,False,True,False,True,device1/1.png
C:\Users\k-12outreach\summercamp_josephyup\summer-workshop-josephyup\Augmented_Device_Images\device1\2_aug_132.jpg,device1/2_aug_132.jpg,device1,Not-Damaged,device1,True,,,False,True,False,True,device1/2.png
C:\Users\k-12outreach\summercamp_josephyup\summer-workshop-josephyup\Augmented_Device_Images\device1\1_aug_133.jpg,device1/1_aug_133.jpg,device1,Not-Damaged,device1,True,,,False,True,False,True,device1/1.png
C:\Users\k-12outreach\summercamp_josephyup\summer-workshop-josephyup\Augmented_Device_Images\device1\2_aug_134.jpg,device1/2_aug_134.jpg,device1,Not-Damaged,device1,True,,,False,True,False,True,device1/2.png
C:\Users\k-12outreach\summercamp_josephyup\summer-workshop-josephyup\Augmented_Device_Images\device1\1_aug_135.jpg,device1/1_aug_135.jpg,device1,Not-Damaged,device1,True,,,False,True,False,True,device1/1.png
C:\Users\k-12outreach\summercamp_josephyup\summer-workshop-josephyup\Augmented_Device_Images\device1\2_aug_136.jpg,device1/2_aug_136.jpg,device1,Not-Damaged,device1,True,,,False,True,False,True,device1/2.png
C:\Users\k-12outreach\summercamp_josephyup\summer-workshop-josephyup\Augmented_Device_Images\device1\1_aug_137.jpg,device1/1_aug_137.jpg,device1,Not-Damaged,device1,True,,,False,True,False,True,device1/1.png
C:\Users\k-12outreach\summercamp_josephyup\summer-workshop-josephyup\Augmented_Device_Images\device1\2_aug_138.jpg,device1/2_aug_138.jpg,device1,Not-Damaged,device1,True,,,False,True,False,True,device1/2.png
C:\Users\k-12outreach\summercamp_josephyup\summer-workshop-josephyup\Augmented_Device_Images\device1\1_aug_139.jpg,device1/1_aug_139.jpg,device1,Not-Damaged,device1,True,,,False,True,False,True,device1/1.png
C:\Users\k-12outreach\summercamp_josephyup\summer-workshop-josephyup\Augmented_Device_Images\device1\2_aug_140.jpg,device1/2_aug_140.jpg,device1,Not-Damaged,device1,True,,,False,True,False,True,device1/2.png
C:\Users\k-12outreach\summercamp_josephyup\summer-workshop-josephyup\Augmented_Device_Images\device1\1_aug_141.jpg,device1/1_aug_141.jpg,device1,Not-Damaged,device1,True,,,False,True,False,True,device1/1.png
C:\Users\k-12outreach\summercamp_josephyup\summer-workshop-josephyup\Augmented_Device_Images\device1\2_aug_142.jpg,device1/2_aug_142.jpg,device1,Not-Damaged,device1,True,,,False,True,False,True,device1/2.png
C:\Users\k-12outreach\summercamp_josephyup\summer-workshop-josephyup\Augmented_Device_Images\device1\1_aug_143.jpg,device1/1_aug_143.jpg,device1,Not-Damaged,device1,True,,,False,True,False,True,device1/1.png
C:\Users\k-12outreach\summercamp_josephyup\summer-workshop-josephyup\Augmented_Device_Images\device1\2_aug_144.jpg,device1/2_aug_144.jpg,device1,Not-Damaged,device1,True,,,False,True,False,True,device1/2.png
C:\Users\k-12outreach\summercamp_josephyup\summer-workshop-josephyup\Augmented_Device_Images\device1\1_aug_145.jpg,device1/1_aug_145.jpg,device1,Not-Damaged,device1,True,,,False,True,False,True,device1/1.png
C:\Users\k-12outreach\summercamp_josephyup\summer-workshop-josephyup\Augmented_Device_Images\device1\2_aug_146.jpg,device1/2_aug_146.jpg,device1,Not-Damaged,device1,True,,,False,True,False,True,device1/2.png
C:\Users\k-12outreach\summercamp_josephyup\summer-workshop-josephyup\Augmented_Device_Images\device1\1_aug_147.jpg,device1/1_aug_147.jpg,device1,Not-Damaged,device1,True,,,False,True,False,True,device1/1.png
C:\Users\k-12outreach\summercamp_josephyup\summer-workshop-josephyup\Augmented_Device_Images\device1\2_aug_148.jpg,device1/2_aug_148.jpg,device1,Not-Damaged,device1,True,,,False,True,False,True,device1/2.png
C:\Users\k-12outreach\summercamp_josephyup\summer-workshop-josephyup\Augmented_Device_Images\device1\1_aug_149.jpg,device1/1_aug_149.jpg,device1,Not-Damaged,device1,True,,,False,True,False,True,device1/1.png
C:\Users\k-12outreach\summercamp_josephyup\summer-workshop-josephyup\Augmented_Device_Images\device1\2_aug_150.jpg,device1/2_aug_150.jpg,device1,Not-Damaged,device1,True,,,False,True,False,True,device1/2.png
C:\Users\k-12outreach\summercamp_josephyup\summer-workshop-josephyup\Augmented_Device_Images\device1\1_aug_151.jpg,device1/1_aug_151.jpg,device1,Not-Damaged,device1,True,,,False,True,False,True,device1/1.png
C:\Users\k-12outreach\summercamp_josephyup\summer-workshop-josephyup\Augmented_Device_Images\device1\2_aug_152.jpg,device1/2_aug_152.jpg,device1,Not-Damaged,device1,True,,,False,True,False,True,device1/2.png
C:\Users\k-12outreach\summercamp_josephyup\summer-workshop-josephyup\Augmented_Device_Images\device1\1_aug_153.jpg,device1/1_aug_153.jpg,device1,Not-Damaged,device1,True,,,False,True,False,True,device1/1.png
C:\Users\k-12outreach\summercamp_josephyup\summer-workshop-josephyup\Augmented_Device_Images\device1\2_aug_154.jpg,device1/2_aug_154.jpg,device1,Not-Damaged,device1,True,,,False,True,False,True,device1/2.png
C:\Users\k-12outreach\summercamp_josephyup\summer-workshop-josephyup\Augmented_Device_Images\device1\1_aug_155.jpg,device1/1_aug_155.jpg,device1,Not-Damaged,device1,True,,,False,True,False,True,device1/1.png
C:\Users\k-12outreach\summercamp_josephyup\summer-workshop-josephyup\Augmented_Device_Images\device1\2_aug_156.jpg,device1/2_aug_156.jpg,device1,Not-Damaged,device1,True,,,False,True,False,True,device1/2.png
C:\Users\k-12outreach\summercamp_josephyup\summer-workshop-josephyup\Augmented_Device_Images\device1\1_aug_157.jpg,device1/1_aug_157.jpg,device1,Not-Damaged,device1,True,,,False,True,False,True,device1/1.png
C:\Users\k-12outreach\summercamp_josephyup\summer-workshop-josephyup\Augmented_Device_Images\device1\2_aug_158.jpg,device1/2_aug_158.jpg,device1,Not-Damaged,device1,True,,,False,True,False,True,device1/2.png
C:\Users\k-12outreach\summercamp_josephyup\summer-workshop-josephyup\Augmented_Device_Images\device1\1_aug_159.jpg,device1/1_aug_159.jpg,device1,Not-Damaged,device1,True,,,False,True,False,True,device1/1.png
C:\Users\k-12outreach\summercamp_josephyup\summer-workshop-josephyup\Augmented_Device_Images\device1\2_aug_160.jpg,device1/2_aug_160.jpg,device1,Not-Damaged,device1,True,,,False,True,False,True,device1/2.png
C:\Users\k-12outreach\summercamp_josephyup\summer-workshop-josephyup\Augmented_Device_Images\device1\1_aug_161.jpg,device1/1_aug_161.jpg,device1,Not-Damaged,device1,True,,,False,True,False,True,device1/1.png
C:\Users\k-12outreach\summercamp_josephyup\summer-workshop-josephyup\Augmented_Device_Images\device1\2_aug_162.jpg,device1/2_aug_162.jpg,device1,Not-Damaged,device1,True,,,False,True,False,True,device1/2.png
C:\Users\k-12outreach\summercamp_josephyup\summer-workshop-josephyup\Augmented_Device_Images\device1\1_aug_163.jpg,device1/1_aug_163.jpg,device1,Not-Damaged,device1,True,,,False,True,False,True,device1/1.png
C:\Users\k-12outreach\summercamp_josephyup\summer-workshop-josephyup\Augmented_Device_Images\device1\2_aug_164.jpg,device1/2_aug_164.jpg,device1,Not-Damaged,device1,True,,,False,True,False,True,device1/2.png
C:\Users\k-12outreach\summercamp_josephyup\summer-workshop-josephyup\Augmented_Device_Images\device1\1_aug_165.jpg,device1/1_aug_165.jpg,device1,Not-Damaged,device1,True,,,False,True,False,True,device1/1.png
C:\Users\k-12outreach\summercamp_josephyup\summer-workshop-josephyup\Augmented_Device_Images\device1\2_aug_166.jpg,device1/2_aug_166.jpg,device1,Not-Damaged,device1,True,,,False,True,False,True,device1/2.png
C:\Users\k-12outreach\summercamp_josephyup\summer-workshop-josephyup\Augmented_Device_Images\device1\1_aug_167.jpg,device1/1_aug_167.jpg,device1,Not-Damaged,device1,True,,,False,True,False,True,device1/1.png
C:\Users\k-12outreach\summercamp_josephyup\summer-workshop-josephyup\Augmented_Device_Images\device1\2_aug_168.jpg,device1/2_aug_168.jpg,device1,Not-Damaged,device1,True,,,False,True,False,True,device1/2.png
C:\Users\k-12outreach\summercamp_josephyup\summer-workshop-josephyup\Augmented_Device_Images\device1\1_aug_169.jpg,device1/1_aug_169.jpg,device1,Not-Damaged,device1,True,,,False,True,False,True,device1/1.png
C:\Users\k-12outreach\summercamp_josephyup\summer-workshop-josephyup\Augmented_Device_Images\device1\2_aug_170.jpg,device1/2_aug_170.jpg,device1,Not-Damaged,device1,True,,,False,True,False,True,device1/2.png
C:\Users\k-12outreach\summercamp_josephyup\summer-workshop-josephyup\Augmented_Device_Images\device1\1_aug_171.jpg,device1/1_aug_171.jpg,device1,Not-Damaged,device1,True,,,False,True,False,True,device1/1.png
C:\Users\k-12outreach\summercamp_josephyup\summer-workshop-josephyup\Augmented_Device_Images\device1\2_aug_172.jpg,device1/2_aug_172.jpg,device1,Not-Damaged,device1,True,,,False,True,False,True,device1/2.png
C:\Users\k-12outreach\summercamp_josephyup\summer-workshop-josephyup\Augmented_Device_Images\device1\1_aug_173.jpg,device1/1_aug_173.jpg,device1,Not-Damaged,device1,True,,,False,True,False,True,device1/1.png
C:\Users\k-12outreach\summercamp_josephyup\summer-workshop-josephyup\Augmented_Device_Images\device1\2_aug_174.jpg,device1/2_aug_174.jpg,device1,Not-Damaged,device1,True,,,False,True,False,True,device1/2.png
C:\Users\k-12outreach\summercamp_josephyup\summer-workshop-josephyup\Augmented_Device_Images\device1\1_aug_175.jpg,device1/1_aug_175.jpg,device1,Not-Damaged,device1,True,,,False,True,False,True,device1/1.png
C:\Users\k-12outreach\summercamp_josephyup\summer-workshop-josephyup\Augmented_Device_Images\device1\2_aug_176.jpg,device1/2_aug_176.jpg,device1,Not-Damaged,device1,True,,,False,True,False,True,device1/2.png
C:\Users\k-12outreach\summercamp_josephyup\summer-workshop-josephyup\Augmented_Device_Images\device1\1_aug_177.jpg,device1/1_aug_177.jpg,device1,Not-Damaged,device1,True,,,False,True,False,True,device1/1.png
C:\Users\k-12outreach\summercamp_josephyup\summer-workshop-josephyup\Augmented_Device_Images\device1\2_aug_178.jpg,device1/2_aug_178.jpg,device1,Not-Damaged,device1,True,,,False,True,False,True,device1/2.png
C:\Users\k-12outreach\summercamp_josephyup\summer-workshop-josephyup\Augmented_Device_Images\device1\1_aug_179.jpg,device1/1_aug_179.jpg,device1,Not-Damaged,device1,True,,,False,True,False,True,device1/1.png
C:\Users\k-12outreach\summercamp_josephyup\summer-workshop-josephyup\Augmented_Device_Images\device1\2_aug_180.jpg,device1/2_aug_180.jpg,device1,Not-Damaged,device1,True,,,False,True,False,True,device1/2.png
C:\Users\k-12outreach\summercamp_josephyup\summer-workshop-josephyup\Augmented_Device_Images\device1\1_aug_181.jpg,device1/1_aug_181.jpg,device1,Not-Damaged,device1,True,,,False,True,False,True,device1/1.png
C:\Users\k-12outreach\summercamp_josephyup\summer-workshop-josephyup\Augmented_Device_Images\device1\2_aug_182.jpg,device1/2_aug_182.jpg,device1,Not-Damaged,device1,True,,,False,True,False,True,device1/2.png
C:\Users\k-12outreach\summercamp_josephyup\summer-workshop-josephyup\Augmented_Device_Images\device1\1_aug_183.jpg,device1/1_aug_183.jpg,device1,Not-Damaged,device1,True,,,False,True,False,True,device1/1.png
C:\Users\k-12outreach\summercamp_josephyup\summer-workshop-josephyup\Augmented_Device_Images\device1\2_aug_184.jpg,device1/2_aug_184.jpg,device1,Not-Damaged,device1,True,,,False,True,False,True,device1/2.png
C:\Users\k-12outreach\summercamp_josephyup\summer-workshop-josephyup\Augmented_Device_Images\device1\1_aug_185.jpg,device1/1_aug_185.jpg,device1,Not-Damaged,device1,True,,,False,True,False,True,device1/1.png
C:\Users\k-12outreach\summercamp_josephyup\summer-workshop-josephyup\Augmented_Device_Images\device1\2_aug_186.jpg,device1/2_aug_186.jpg,device1,Not-Damaged,device1,True,,,False,True,False,True,device1/2.png
C:\Users\k-12outreach\summercamp_josephyup\summer-workshop-josephyup\Augmented_Device_Images\device1\1_aug_187.jpg,device1/1_aug_187.jpg,device1,Not-Damaged,device1,True,,,False,True,False,True,device1/1.png
C:\Users\k-12outreach\summercamp_josephyup\summer-workshop-josephyup\Augmented_Device_Images\device1\2_aug_188.jpg,device1/2_aug_188.jpg,device1,Not-Damaged,device1,True,,,False,True,False,True,device1/2.png
C:\Users\k-12outreach\summercamp_josephyup\summer-workshop-josephyup\Augmented_Device_Images\device1\1_aug_189.jpg,device1/1_aug_189.jpg,device1,Not-Damaged,device1,True,,,False,True,False,True,device1/1.png
C:\Users\k-12outreach\summercamp_josephyup\summer-workshop-josephyup\Augmented_Device_Images\device1\2_aug_190.jpg,device1/2_aug_190.jpg,device1,Not-Damaged,device1,True,,,False,True,False,True,device1/2.png
C:\Users\k-12outreach\summercamp_josephyup\summer-workshop-josephyup\Augmented_Device_Images\device1\1_aug_191.jpg,device1/1_aug_191.jpg,device1,Not-Damaged,device1,True,,,False,True,False,True,device1/1.png
C:\Users\k-12outreach\summercamp_josephyup\summer-workshop-josephyup\Augmented_Device_Images\device1\2_aug_192.jpg,device1/2_aug_192.jpg,device1,Not-Damaged,device1,True,,,False,True,False,True,device1/2.png
C:\Users\k-12outreach\summercamp_josephyup\summer-workshop-josephyup\Augmented_Device_Images\device1\1_aug_193.jpg,device1/1_aug_193.jpg,device1,Not-Damaged,device1,True,,,False,True,False,True,device1/1.png
C:\Users\k-12outreach\summercamp_josephyup\summer-workshop-josephyup\Augmented_Device_Images\device1\2_aug_194.jpg,device1/2_aug_194.jpg,device1,Not-Damaged,device1,True,,,False,True,False,True,device1/2.png
C:\Users\k-12outreach\summercamp_josephyup\summer-workshop-josephyup\Augmented_Device_Images\device1\1_aug_195.jpg,device1/1_aug_195.jpg,device1,Not-Damaged,device1,True,,,False,True,False,True,device1/1.png
C:\Users\k-12outreach\summercamp_josephyup\summer-workshop-josephyup\Augmented_Device_Images\device1\2_aug_196.jpg,device1/2_aug_196.jpg,device1,Not-Damaged,device1,True,,,False,True,False,True,device1/2.png
C:\Users\k-12outreach\summercamp_josephyup\summer-workshop-josephyup\Augmented_Device_Images\device1\1_aug_197.jpg,device1/1_aug_197.jpg,device1,Not-Damaged,device1,True,,,False,True,False,True,device1/1.png
C:\Users\k-12outreach\summercamp_josephyup\summer-workshop-josephyup\Augmented_Device_Images\device1\2_aug_198.jpg,device1/2_aug_198.jpg,device1,Not-Damaged,device1,True,,,False,True,False,True,device1/2.png
C:\Users\k-12outreach\summercamp_josephyup\summer-workshop-josephyup\Augmented_Device_Images\device1\1_aug_199.jpg,device1/1_aug_199.jpg,device1,Not-Damaged,device1,True,,,False,True,False,True,device1/1.png
C:\Users\k-12outreach\summercamp_josephyup\summer-workshop-josephyup\Augmented_Device_Images\device1\2_aug_200.jpg,device1/2_aug_200.jpg,device1,Not-Damaged,device1,True,,,False,True,False,True,device1/2.png
C:\Users\k-12outreach\summercamp_josephyup\summer-workshop-josephyup\Augmented_Device_Images\device1\1_aug_201.jpg,device1/1_aug_201.jpg,device1,Not-Damaged,device1,True,,,False,True,False,True,device1/1.png
C:\Users\k-12outreach\summercamp_josephyup\summer-workshop-josephyup\Augmented_Device_Images\device1\2_aug_202.jpg,device1/2_aug_202.jpg,device1,Not-Damaged,device1,True,,,False,True,False,True,device1/2.png
C:\Users\k-12outreach\summercamp_josephyup\summer-workshop-josephyup\Augmented_Device_Images\device1\1_aug_203.jpg,device1/1_aug_203.jpg,device1,Not-Damaged,device1,True,,,False,True,False,True,device1/1.png
C:\Users\k-12outreach\summercamp_josephyup\summer-workshop-josephyup\Augmented_Device_Images\device1\2_aug_204.jpg,device1/2_aug_204.jpg,device1,Not-Damaged,device1,True,,,False,True,False,True,device1/2.png
C:\Users\k-12outreach\summercamp_josephyup\summer-workshop-josephyup\Augmented_Device_Images\device1\1_aug_205.jpg,device1/1_aug_205.jpg,device1,Not-Damaged,device1,True,,,False,True,False,True,device1/1.png
C:\Users\k-12outreach\summercamp_josephyup\summer-workshop-josephyup\Augmented_Device_Images\device1\2_aug_206.jpg,device1/2_aug_206.jpg,device1,Not-Damaged,device1,True,,,False,True,False,True,device1/2.png
C:\Users\k-12outreach\summercamp_josephyup\summer-workshop-josephyup\Augmented_Device_Images\device1\1_aug_207.jpg,device1/1_aug_207.jpg,device1,Not-Damaged,device1,True,,,False,True,False,True,device1/1.png
C:\Users\k-12outreach\summercamp_josephyup\summer-workshop-josephyup\Augmented_Device_Images\device1\2_aug_208.jpg,device1/2_aug_208.jpg,device1,Not-Damaged,device1,True,,,False,True,False,True,device1/2.png
C:\Users\k-12outreach\summercamp_josephyup\summer-workshop-josephyup\Augmented_Device_Images\device1\1_aug_209.jpg,device1/1_aug_209.jpg,device1,Not-Damaged,device1,True,,,False,True,False,True,device1/1.png
C:\Users\k-12outreach\summercamp_josephyup\summer-workshop-josephyup\Augmented_Device_Images\device1\2_aug_210.jpg,device1/2_aug_210.jpg,device1,Not-Damaged,device1,True,,,False,True,False,True,device1/2.png
C:\Users\k-12outreach\summercamp_josephyup\summer-workshop-josephyup\Augmented_Device_Images\device1\1_aug_211.jpg,device1/1_aug_211.jpg,device1,Not-Damaged,device1,True,,,False,True,False,True,device1/1.png
C:\Users\k-12outreach\summercamp_josephyup\summer-workshop-josephyup\Augmented_Device_Images\device1\2_aug_212.jpg,device1/2_aug_212.jpg,device1,Not-Damaged,device1,True,,,False,True,False,True,device1/2.png
C:\Users\k-12outreach\summercamp_josephyup\summer-workshop-josephyup\Augmented_Device_Images\device1\1_aug_213.jpg,device1/1_aug_213.jpg,device1,Not-Damaged,device1,True,,,False,True,False,True,device1/1.png
C:\Users\k-12outreach\summercamp_josephyup\summer-workshop-josephyup\Augmented_Device_Images\device1\2_aug_214.jpg,device1/2_aug_214.jpg,device1,Not-Damaged,device1,True,,,False,True,False,True,device1/2.png
C:\Users\k-12outreach\summercamp_josephyup\summer-workshop-josephyup\Augmented_Device_Images\device1\1_aug_215.jpg,device1/1_aug_215.jpg,device1,Not-Damaged,device1,True,,,False,True,False,True,device1/1.png
C:\Users\k-12outreach\summercamp_josephyup\summer-workshop-josephyup\Augmented_Device_Images\device1\2_aug_216.jpg,device1/2_aug_216.jpg,device1,Not-Damaged,device1,True,,,False,True,False,True,device1/2.png
C:\Users\k-12outreach\summercamp_josephyup\summer-workshop-josephyup\Augmented_Device_Images\device1\1_aug_217.jpg,device1/1_aug_217.jpg,device1,Not-Damaged,device1,True,,,False,True,False,True,device1/1.png
C:\Users\k-12outreach\summercamp_josephyup\summer-workshop-josephyup\Augmented_Device_Images\device1\2_aug_218.jpg,device1/2_aug_218.jpg,device1,Not-Damaged,device1,True,,,False,True,False,True,device1/2.png
C:\Users\k-12outreach\summercamp_josephyup\summer-workshop-josephyup\Augmented_Device_Images\device1\1_aug_219.jpg,device1/1_aug_219.jpg,device1,Not-Damaged,device1,True,,,False,True,False,True,device1/1.png
C:\Users\k-12outreach\summercamp_josephyup\summer-workshop-josephyup\Augmented_Device_Images\device1\2_aug_220.jpg,device1/2_aug_220.jpg,device1,Not-Damaged,device1,True,,,False,True,False,True,device1/2.png
C:\Users\k-12outreach\summercamp_josephyup\summer-workshop-josephyup\Augmented_Device_Images\device1\1_aug_221.jpg,device1/1_aug_221.jpg,device1,Not-Damaged,device1,True,,,False,True,False,True,device1/1.png
C:\Users\k-12outreach\summercamp_josephyup\summer-workshop-josephyup\Augmented_Device_Images\device1\2_aug_222.jpg,device1/2_aug_222.jpg,device1,Not-Damaged,device1,True,,,False,True,False,True,device1/2.png
C:\Users\k-12outreach\summercamp_josephyup\summer-workshop-josephyup\Augmented_Device_Images\device1\1_aug_223.jpg,device1/1_aug_223.jpg,device1,Not-Damaged,device1,True,,,False,True,False,True,device1/1.png
C:\Users\k-12outreach\summercamp_josephyup\summer-workshop-josephyup\Augmented_Device_Images\device1\2_aug_224.jpg,device1/2_aug_224.jpg,device1,Not-Damaged,device1,True,,,False,True,False,True,device1/2.png
C:\Users\k-12outreach\summercamp_josephyup\summer-workshop-josephyup\Augmented_Device_Images\device1\1_aug_225.jpg,device1/1_aug_225.jpg,device1,Not-Damaged,device1,True,,,False,True,False,True,device1/1.png
C:\Users\k-12outreach\summercamp_josephyup\summer-workshop-josephyup\Augmented_Device_Images\device1\2_aug_226.jpg,device1/2_aug_226.jpg,device1,Not-Damaged,device1,True,,,False,True,False,True,device1/2.png
C:\Users\k-12outreach\summercamp_josephyup\summer-workshop-josephyup\Augmented_Device_Images\device1\1_aug_227.jpg,device1/1_aug_227.jpg,device1,Not-Damaged,device1,True,,,False,True,False,True,device1/1.png
C:\Users\k-12outreach\summercamp_josephyup\summer-workshop-josephyup\Augmented_Device_Images\device1\2_aug_228.jpg,device1/2_aug_228.jpg,device1,Not-Damaged,device1,True,,,False,True,False,True,device1/2.png
C:\Users\k-12outreach\summercamp_josephyup\summer-workshop-josephyup\Augmented_Device_Images\device1\1_aug_229.jpg,device1/1_aug_229.jpg,device1,Not-Damaged,device1,True,,,False,True,False,True,device1/1.png
C:\Users\k-12outreach\summercamp_josephyup\summer-workshop-josephyup\Augmented_Device_Images\device1\2_aug_230.jpg,device1/2_aug_230.jpg,device1,Not-Damaged,device1,True,,,False,True,False,True,device1/2.png
C:\Users\k-12outreach\summercamp_josephyup\summer-workshop-josephyup\Augmented_Device_Images\device1\1_aug_231.jpg,device1/1_aug_231.jpg,device1,Not-Damaged,device1,True,,,False,True,False,True,device1/1.png
C:\Users\k-12outreach\summercamp_josephyup\summer-workshop-josephyup\Augmented_Device_Images\device1\2_aug_232.jpg,device1/2_aug_232.jpg,device1,Not-Damaged,device1,True,,,False,True,False,True,device1/2.png
C:\Users\k-12outreach\summercamp_josephyup\summer-workshop-josephyup\Augmented_Device_Images\device1\1_aug_233.jpg,device1/1_aug_233.jpg,device1,Not-Damaged,device1,True,,,False,True,False,True,device1/1.png
C:\Users\k-12outreach\summercamp_josephyup\summer-workshop-josephyup\Augmented_Device_Images\device1\2_aug_234.jpg,device1/2_aug_234.jpg,device1,Not-Damaged,device1,True,,,False,True,False,True,device1/2.png
C:\Users\k-12outreach\summercamp_josephyup\summer-workshop-josephyup\Augmented_Device_Images\device1\1_aug_235.jpg,device1/1_aug_235.jpg,device1,Not-Damaged,device1,True,,,False,True,False,True,device1/1.png
C:\Users\k-12outreach\summercamp_josephyup\summer-workshop-josephyup\Augmented_Device_Images\device1\2_aug_236.jpg,device1/2_aug_236.jpg,device1,Not-Damaged,device1,True,,,False,True,False,True,device1/2.png
C:\Users\k-12outreach\summercamp_josephyup\summer-workshop-josephyup\Augmented_Device_Images\device1\1_aug_237.jpg,device1/1_aug_237.jpg,device1,Not-Damaged,device1,True,,,False,True,False,True,device1/1.png
C:\Users\k-12outreach\summercamp_josephyup\summer-workshop-josephyup\Augmented_Device_Images\device1\2_aug_238.jpg,device1/2_aug_238.jpg,device1,Not-Damaged,device1,True,,,False,True,False,True,device1/2.png
C:\Users\k-12outreach\summercamp_josephyup\summer-workshop-josephyup\Augmented_Device_Images\device1\1_aug_239.jpg,device1/1_aug_239.jpg,device1,Not-Damaged,device1,True,,,False,True,False,True,device1/1.png
C:\Users\k-12outreach\summercamp_josephyup\summer-workshop-josephyup\Augmented_Device_Images\device1\2_aug_240.jpg,device1/2_aug_240.jpg,device1,Not-Damaged,device1,True,,,False,True,False,True,device1/2.png
C:\Users\k-12outreach\summercamp_josephyup\summer-workshop-josephyup\Augmented_Device_Images\device1\1_aug_241.jpg,device1/1_aug_241.jpg,device1,Not-Damaged,device1,True,,,False,True,False,True,device1/1.png
C:\Users\k-12outreach\summercamp_josephyup\summer-workshop-josephyup\Augmented_Device_Images\device1\2_aug_242.jpg,device1/2_aug_242.jpg,device1,Not-Damaged,device1,True,,,False,True,False,True,device1/2.png
C:\Users\k-12outreach\summercamp_josephyup\summer-workshop-josephyup\Augmented_Device_Images\device1\1_aug_243.jpg,device1/1_aug_243.jpg,device1,Not-Damaged,device1,True,,,False,True,False,True,device1/1.png
C:\Users\k-12outreach\summercamp_josephyup\summer-workshop-josephyup\Augmented_Device_Images\device1\2_aug_244.jpg,device1/2_aug_244.jpg,device1,Not-Damaged,device1,True,,,False,True,False,True,device1/2.png
C:\Users\k-12outreach\summercamp_josephyup\summer-workshop-josephyup\Augmented_Device_Images\device1\1_aug_245.jpg,device1/1_aug_245.jpg,device1,Not-Damaged,device1,True,,,False,True,False,True,device1/1.png
C:\Users\k-12outreach\summercamp_josephyup\summer-workshop-josephyup\Augmented_Device_Images\device1\2_aug_246.jpg,device1/2_aug_246.jpg,device1,Not-Damaged,device1,True,,,False,True,False,True,device1/2.png
C:\Users\k-12outreach\summercamp_josephyup\summer-workshop-josephyup\Augmented_Device_Images\device1\1_aug_247.jpg,device1/1_aug_247.jpg,device1,Not-Damaged,device1,True,,,False,True,False,True,device1/1.png
C:\Users\k-12outreach\summercamp_josephyup\summer-workshop-josephyup\Augmented_Device_Images\device1\2_aug_248.jpg,device1/2_aug_248.jpg,device1,Not-Damaged,device1,True,,,False,True,False,True,device1/2.png
C:\Users\k-12outreach\summercamp_josephyup\summer-workshop-josephyup\Augmented_Device_Images\Defect\1.png,Defect/1.png,device1,Damaged,Defect,True,True,filename-prefix,True,False,True,False,Defect/1.png
C:\Users\k-12outreach\summercamp_josephyup\summer-workshop-josephyup\Augmented_Device_Images\Defect\10.png,Defect/10.png,device 10,Damaged,Defect,True,True,filename-prefix,True,False,True,False,Defect/10.png
C:\Users\k-12outreach\summercamp_josephyup\summer-workshop-josephyup\Augmented_Device_Images\Defect\2.png,Defect/2.png,device 2,Damaged,Defect,True,True,filename-prefix,True,False,True,False,Defect/2.png
C:\Users\k-12outreach\summercamp_josephyup\summer-workshop-josephyup\Augmented_Device_Images\Defect\3.png,Defect/3.png,device 3,Damaged,Defect,True,True,filename-prefix,True,False,True,False,Defect/3.png
C:\Users\k-12outreach\summercamp_josephyup\summer-workshop-josephyup\Augmented_Device_Images\Defect\4.png,Defect/4.png,device 4,Damaged,Defect,True,True,filename-prefix,True,False,True,False,Defect/4.png
C:\Users\k-12outreach\summercamp_josephyup\summer-workshop-josephyup\Augmented_Device_Images\Defect\5.png,Defect/5.png,device 5,Damaged,Defect,True,True,filename-prefix,True,False,True,False,Defect/5.png
C:\Users\k-12outreach\summercamp_josephyup\summer-workshop-josephyup\Augmented_Device_Images\Defect\6.png,Defect/6.png,device 6,Damaged,Defect,True,True,filename-prefix,True,False,True,False,Defect/6.png
C:\Users\k-12outreach\summercamp_josephyup\summer-workshop-josephyup\Augmented_Device_Images\Defect\7.png,Defect/7.png,device 7,Damaged,Defect,True,True,filename-prefix,True,False,True,False,Defect/7.png
C:\Users\k-12outreach\summercamp_josephyup\summer-workshop-josephyup\Augmented_Device_Images\Defect\8.png,Defect/8.png,device 8,Damaged,Defect,True,True,filename-prefix,True,False,True,False,Defect/8.png
C:\Users\k-12outreach\summercamp_josephyup\summer-workshop-josephyup\Augmented_Device_Images\Defect\9.png,Defect/9.png,device 9,Damaged,Defect,True,True,filename-prefix,True,False,True,False,Defect/9.png
